scenario_id,reversibility,E,D,A,F,C,R_CI,provisional,final,gate_cap,binding,gated,margin,unresolved_gates
CDI-001,high,0.3,0.1,0.08,0.08,0.25,0.1705,4,4,4,Score,False,0.0295,
MFG-001,medium,0.4,0.22,0.16,0.1,0.55,0.30550000000000005,3,2,2,G_H,True,0.04449999999999993,G_H
SUB-001,medium,0.45,0.15,0.1,0.08,0.75,0.3385,3,2,2,G_S,True,0.011499999999999955,"G_S,G_H"
RAIL-001,medium,0.35,0.2,0.12,0.15,0.85,0.3705,2,2,2,Score,True,0.020500000000000018,G_H
HOSP-001,medium,0.7,0.25,0.18,0.2,0.65,0.4195,2,2,2,Score,True,0.0695,G_V
WATER-001,low,0.55,0.35,0.3,0.25,0.9,0.5,1,1,1,Score,True,0.0,"G_S,G_V,G_FA,G_A,G_H"
POWER-001,high,0.326356,0.674059,0.50271,0.473775,0.37728,0.46456450000000005,2,1,1,G_A,True,0.03543549999999995,G_A
BUILD-001,high,0.341045,0.838075,0.372391,0.86488,0.570214,0.6072121500000001,1,1,4,Score,False,0.04278784999999996,
SUB-002,high,0.053918,0.892996,0.250705,0.361925,0.311359,0.37721330000000003,2,1,1,G_A,True,0.02721330000000005,G_A
WATER-002,high,0.314886,0.634125,0.08153,0.099616,0.331659,0.30486965,3,3,4,Score,False,0.045130349999999986,
WW-001,medium,0.197566,0.076648,0.764606,0.309997,0.422259,0.33709785000000003,3,2,2,G_H,True,0.012902149999999946,G_H
WW-002,medium,0.256523,0.547281,0.66486,0.26384,0.7032,0.48905780000000004,2,2,4,Score,False,0.010942199999999958,
RAIL-002,high,0.979047,0.473422,0.649268,0.475149,0.409939,0.5853985500000001,1,1,4,Score,False,0.06460144999999995,
ROAD-001,medium,0.413882,0.3275,0.234974,0.218762,0.783759,0.42321465,2,1,1,G_A,True,0.07321465000000005,G_A
ROAD-002,high,0.331217,0.713889,0.107438,0.543994,0.517132,0.46321870000000004,2,2,4,Score,False,0.03678129999999996,
HEALTH-001,high,0.246589,0.165758,0.602774,0.453996,0.318723,0.34336545,3,2,2,G_FA,True,0.006634549999999961,G_FA
HEALTH-002,medium,0.121545,0.264944,0.267041,0.18688,0.784884,0.35095095,2,2,4,Score,False,0.000950950000000006,
HOSP-002,high,0.70181,0.694157,0.544255,0.576934,0.640958,0.63645795,1,1,4,Score,False,0.013542049999999972,
MFG-002,medium,0.130857,0.525159,0.019239,0.209232,0.46838,0.29303045,3,1,1,G_A,True,0.05696954999999998,G_A
CHEM-001,medium,0.483828,0.045365,0.52441,0.038586,0.27679,0.2614148,3,3,4,Score,False,0.06141479999999999,
CHEM-002,high,0.109992,0.686779,0.111365,0.458076,0.611488,0.42054615,2,2,4,Score,False,0.07054615000000003,
OIL-001,medium,0.503015,0.82534,0.386285,0.74941,0.530737,0.60618,1,1,4,Score,False,0.04381999999999997,
OIL-002,high,0.3709,0.289295,0.084102,0.158798,0.271819,0.24436865000000002,3,2,2,G_H,True,0.04436865000000001,G_H
TEL-001,high,0.42744,0.789242,0.380018,0.581466,0.623528,0.5725143,1,1,4,Score,False,0.07251430000000003,
TEL-002,high,0.207358,0.07155,0.444666,0.383955,0.404095,0.30029625,3,3,4,Score,False,0.04970374999999999,
CDI-002,high,0.552692,0.420825,0.139745,0.396779,0.393625,0.3934272,2,1,1,G_A,True,0.0434272,G_A
DC-001,medium,0.4755,0.430643,0.474122,0.839753,0.574681,0.56396775,1,1,4,Score,False,0.06396774999999999,
PA-001,high,0.265517,0.358427,0.318148,0.546987,0.52712,0.4136884,2,2,4,Score,False,0.06368840000000003,
FOOD-001,medium,0.657278,0.170363,0.814764,0.558112,0.571137,0.54214945,1,1,4,Score,False,0.04214945000000003,
LOG-001,medium,0.265277,0.371243,0.232854,0.497074,0.589007,0.40889865,2,2,4,Score,False,0.05889865,
