weights,boundaries,changed,up,down,final_levels_changed,C_star,showcase_codes,eligible_while_gate_unresolved,gated_changed_ids,wE,wD,wA,wF,wC,b1,b2,b3,b4
Baseline (Eq. (2)),Baseline,0,0,0,0 (0 up / 0 down),0.8,4 2 2 2 2 1,0,,0.2,0.2,0.15,0.2,0.25,0.2,0.35,0.5,0.65
Baseline (Eq. (2)),Stricter (-0.05),8,0,8,8 (0 up / 8 down),0.6,3 2 2 2 2 1,0,,0.2,0.2,0.15,0.2,0.25,0.15000000000000002,0.3,0.45,0.6
Baseline (Eq. (2)),More permissive (+0.05),2,2,0,2 (2 up / 0 down),1.0,4 2 2 2 2 1,0,,0.2,0.2,0.15,0.2,0.25,0.25,0.39999999999999997,0.55,0.7000000000000001
Baseline (Eq. (2)),Equal-width,5,5,0,5 (5 up / 0 down),0.8,4 2 2 2 2 1,0,,0.2,0.2,0.15,0.2,0.25,0.2,0.4,0.6,0.8
Equal weights,Baseline,1,1,0,1 (1 up / 0 down),1.0,4 2 2 2 2 1,0,,0.2,0.2,0.2,0.2,0.2,0.2,0.35,0.5,0.65
Equal weights,Stricter (-0.05),4,0,4,4 (0 up / 4 down),0.75,3 2 2 2 2 1,0,,0.2,0.2,0.2,0.2,0.2,0.15000000000000002,0.3,0.45,0.6
Equal weights,More permissive (+0.05),3,3,0,3 (3 up / 0 down),1.25,4 2 2 2 2 1,0,,0.2,0.2,0.2,0.2,0.2,0.25,0.39999999999999997,0.55,0.7000000000000001
Equal weights,Equal-width,9,9,0,9 (9 up / 0 down),1.0,4 2 2 2 2 1,0,,0.2,0.2,0.2,0.2,0.2,0.2,0.4,0.6,0.8
Consequence-heavy (wC = 0.35),Baseline,1,0,1,1 (0 up / 1 down),0.5714285714,4 2 2 2 2 1,0,,0.17333333333333334,0.17333333333333334,0.13,0.17333333333333334,0.35,0.2,0.35,0.5,0.65
Consequence-heavy (wC = 0.35),Stricter (-0.05),8,0,8,8 (0 up / 8 down),0.4285714286,3 2 2 2 1 1,0,HOSP-001,0.17333333333333334,0.17333333333333334,0.13,0.17333333333333334,0.35,0.15000000000000002,0.3,0.45,0.6
Consequence-heavy (wC = 0.35),More permissive (+0.05),1,1,0,1 (1 up / 0 down),0.7142857143,4 2 2 2 2 1,0,,0.17333333333333334,0.17333333333333334,0.13,0.17333333333333334,0.35,0.25,0.39999999999999997,0.55,0.7000000000000001
Consequence-heavy (wC = 0.35),Equal-width,5,5,0,5 (5 up / 0 down),0.5714285714,4 2 2 2 2 1,0,,0.17333333333333334,0.17333333333333334,0.13,0.17333333333333334,0.35,0.2,0.4,0.6,0.8
Consequence-light (wC = 0.15),Baseline,1,1,0,1 (1 up / 0 down),1.3333333333,4 2 2 2 2 1,0,,0.22666666666666668,0.22666666666666668,0.17,0.22666666666666668,0.15,0.2,0.35,0.5,0.65
Consequence-light (wC = 0.15),Stricter (-0.05),9,1,8,9 (1 up / 8 down),1.0,3 2 2 2 2 1,0,,0.22666666666666668,0.22666666666666668,0.17,0.22666666666666668,0.15,0.15000000000000002,0.3,0.45,0.6
Consequence-light (wC = 0.15),More permissive (+0.05),5,5,0,5 (5 up / 0 down),1.6666666667,4 2 2 2 2 1,0,,0.22666666666666668,0.22666666666666668,0.17,0.22666666666666668,0.15,0.25,0.39999999999999997,0.55,0.7000000000000001
Consequence-light (wC = 0.15),Equal-width,7,7,0,7 (7 up / 0 down),1.3333333333,4 2 2 2 2 1,0,,0.22666666666666668,0.22666666666666668,0.17,0.22666666666666668,0.15,0.2,0.4,0.6,0.8
Detection-heavy (wD = 0.30),Baseline,2,2,0,2 (2 up / 0 down),0.9142857143,4 2 2 2 2 1,0,,0.17499999999999996,0.3,0.13124999999999998,0.17499999999999996,0.21874999999999997,0.2,0.35,0.5,0.65
Detection-heavy (wD = 0.30),Stricter (-0.05),8,0,8,8 (0 up / 8 down),0.6857142857,3 2 2 2 2 1,0,,0.17499999999999996,0.3,0.13124999999999998,0.17499999999999996,0.21874999999999997,0.15000000000000002,0.3,0.45,0.6
Detection-heavy (wD = 0.30),More permissive (+0.05),4,4,0,4 (4 up / 0 down),1.1428571429,4 2 2 2 2 1,0,,0.17499999999999996,0.3,0.13124999999999998,0.17499999999999996,0.21874999999999997,0.25,0.39999999999999997,0.55,0.7000000000000001
Detection-heavy (wD = 0.30),Equal-width,5,5,0,5 (5 up / 0 down),0.9142857143,4 2 2 2 2 1,0,,0.17499999999999996,0.3,0.13124999999999998,0.17499999999999996,0.21874999999999997,0.2,0.4,0.6,0.8
Forensic-light (wF = 0.10),Baseline,1,0,1,1 (0 up / 1 down),0.7111111111,4 2 2 2 2 1,0,,0.225,0.225,0.16875,0.1,0.28125,0.2,0.35,0.5,0.65
Forensic-light (wF = 0.10),Stricter (-0.05),5,0,5,5 (0 up / 5 down),0.5333333333,3 2 2 2 2 1,0,,0.225,0.225,0.16875,0.1,0.28125,0.15000000000000002,0.3,0.45,0.6
Forensic-light (wF = 0.10),More permissive (+0.05),5,5,0,5 (5 up / 0 down),0.8888888889,4 2 2 2 2 1,0,,0.225,0.225,0.16875,0.1,0.28125,0.25,0.39999999999999997,0.55,0.7000000000000001
Forensic-light (wF = 0.10),Equal-width,9,9,0,9 (9 up / 0 down),0.7111111111,4 2 2 2 2 1,0,,0.225,0.225,0.16875,0.1,0.28125,0.2,0.4,0.6,0.8
