kind,boundary,shift,bounds,provisional_changed,final_changed,provisional_changed_ids,final_changed_ids
all,,-0.05,0.150 0.300 0.450 0.600,13,8,"CDI-001,MFG-001,SUB-001,POWER-001,BUILD-001,WATER-002,WW-001,WW-002,ROAD-002,HEALTH-001,HOSP-002,OIL-001,TEL-002","CDI-001,BUILD-001,WATER-002,WW-002,ROAD-002,HOSP-002,OIL-001,TEL-002"
single,1.0,-0.05,0.150 0.350 0.500 0.650,1,1,CDI-001,CDI-001
single,2.0,-0.05,0.200 0.300 0.500 0.650,6,2,"MFG-001,SUB-001,WATER-002,WW-001,HEALTH-001,TEL-002","WATER-002,TEL-002"
single,3.0,-0.05,0.200 0.350 0.450 0.650,3,2,"POWER-001,WW-002,ROAD-002","WW-002,ROAD-002"
single,4.0,-0.05,0.200 0.350 0.500 0.600,3,3,"BUILD-001,HOSP-002,OIL-001","BUILD-001,HOSP-002,OIL-001"
all,,-0.025,0.175 0.325 0.475 0.625,5,2,"SUB-001,WW-001,WW-002,HEALTH-001,HOSP-002","WW-002,HOSP-002"
single,1.0,-0.025,0.175 0.350 0.500 0.650,0,0,,
single,2.0,-0.025,0.200 0.325 0.500 0.650,3,0,"SUB-001,WW-001,HEALTH-001",
single,3.0,-0.025,0.200 0.350 0.475 0.650,1,1,WW-002,WW-002
single,4.0,-0.025,0.200 0.350 0.500 0.625,1,1,HOSP-002,HOSP-002
all,,0.025,0.225 0.375 0.525 0.675,3,1,"RAIL-001,WATER-001,HEALTH-002",HEALTH-002
single,1.0,0.025,0.225 0.350 0.500 0.650,0,0,,
single,2.0,0.025,0.200 0.375 0.500 0.650,2,1,"RAIL-001,HEALTH-002",HEALTH-002
single,3.0,0.025,0.200 0.350 0.525 0.650,1,0,WATER-001,
single,4.0,0.025,0.200 0.350 0.500 0.675,0,0,,
all,,0.05,0.250 0.400 0.550 0.700,7,2,"RAIL-001,WATER-001,SUB-002,HEALTH-002,OIL-002,CDI-002,FOOD-001","HEALTH-002,FOOD-001"
single,1.0,0.05,0.250 0.350 0.500 0.650,1,0,OIL-002,
single,2.0,0.05,0.200 0.400 0.500 0.650,4,1,"RAIL-001,SUB-002,HEALTH-002,CDI-002",HEALTH-002
single,3.0,0.05,0.200 0.350 0.550 0.650,2,1,"WATER-001,FOOD-001",FOOD-001
single,4.0,0.05,0.200 0.350 0.500 0.700,0,0,,
