scenario_id,R_CI,boundary_margin,gated,provisional,final,retention_provisional,retention_final,retention_inputs_only
CDI-001,0.1705,0.0295,False,4,4,0.8486,0.8486,0.9005
MFG-001,0.30550000000000005,0.04449999999999993,True,3,2,0.9193,1.0,0.9766
SUB-001,0.3385,0.011499999999999955,True,3,2,0.6138,1.0,0.6924
RAIL-001,0.3705,0.020500000000000018,True,2,2,0.7032,0.9997,0.8209
HOSP-001,0.4195,0.0695,True,2,2,0.9716,0.9907,0.9989
WATER-001,0.5,0.0,True,1,1,0.4937,1.0,0.4933
POWER-001,0.46456450000000005,0.03543549999999995,True,2,1,0.8834,1.0,0.9414
BUILD-001,0.6072121500000001,0.04278784999999996,False,1,1,0.9004,0.9004,0.9717
SUB-002,0.37721330000000003,0.02721330000000005,True,2,1,0.7773,1.0,0.8988
WATER-002,0.30486965,0.045130349999999986,False,3,3,0.9185,0.9185,0.9794
WW-001,0.33709785000000003,0.012902149999999946,True,3,2,0.6556,1.0,0.7086
WW-002,0.48905780000000004,0.010942199999999958,False,2,2,0.6283,0.6283,0.6883
RAIL-002,0.5853985500000001,0.06460144999999995,False,1,1,0.9773,0.9773,0.9993
ROAD-001,0.42321465,0.07321465000000005,True,2,1,0.9747,1.0,0.9991
ROAD-002,0.46321870000000004,0.03678129999999996,False,2,2,0.8744,0.8744,0.9484
HEALTH-001,0.34336545,0.006634549999999961,True,3,2,0.5889,1.0,0.6119
HEALTH-002,0.35095095,0.000950950000000006,False,2,2,0.5188,0.5188,0.5265
HOSP-002,0.63645795,0.013542049999999972,False,1,1,0.6897,0.6897,0.7314
MFG-002,0.29303045,0.05696954999999998,True,3,1,0.9587,1.0,0.9946
CHEM-001,0.2614148,0.06141479999999999,False,3,3,0.9788,0.9788,0.9995
CHEM-002,0.42054615,0.07054615000000003,False,2,2,0.9677,0.9677,0.9988
OIL-001,0.60618,0.04381999999999997,False,1,1,0.9285,0.9285,0.9758
OIL-002,0.24436865000000002,0.04436865000000001,True,3,2,0.9462,1.0,0.977
TEL-001,0.5725143,0.07251430000000003,False,1,1,0.9879,0.9879,0.999
TEL-002,0.30029625,0.04970374999999999,False,3,3,0.951,0.951,0.9868
CDI-002,0.3934272,0.0434272,True,2,1,0.9302,1.0,0.9736
DC-001,0.56396775,0.06396774999999999,False,1,1,0.9829,0.9829,0.9976
PA-001,0.4136884,0.06368840000000003,False,2,2,0.9855,0.9855,0.9969
FOOD-001,0.54214945,0.04214945000000003,False,1,1,0.9003,0.9003,0.9669
LOG-001,0.40889865,0.05889865,False,2,2,0.9751,0.9751,0.9947
