scenario_id,Full RDFR-CI,AI-SOC-style score (no C),5 x 5 risk matrix,Worst-dimension rule,AI-SOC original weights (sensitivity)
CDI-001,4,4,4,3,4
MFG-001,2,2,2,1,2
SUB-001,2,2,2,0,2
RAIL-001,2,2,2,0,2
HOSP-001,2,2,2,0,2
WATER-001,1,1,1,0,1
POWER-001,1,1,1,0,1
BUILD-001,1,1,2,0,1
SUB-002,1,1,1,0,1
WATER-002,3,3,4,1,3
WW-001,2,2,2,0,2
WW-002,2,2,2,0,2
RAIL-002,1,1,2,0,0
ROAD-001,1,1,1,0,1
ROAD-002,2,2,3,0,2
HEALTH-001,2,2,2,1,2
HEALTH-002,2,3,3,0,3
HOSP-002,1,1,1,0,1
MFG-002,1,1,1,1,1
CHEM-001,3,3,4,1,3
CHEM-002,2,2,3,0,2
OIL-001,1,1,2,0,1
OIL-002,2,2,2,2,2
TEL-001,1,1,2,0,1
TEL-002,3,3,3,2,3
CDI-002,1,1,1,1,1
DC-001,1,1,3,0,1
PA-001,2,2,3,1,2
FOOD-001,1,1,3,0,1
LOG-001,2,3,3,1,3
