label,score,asset_class,criticality_weight
0,0.21351887877298745,enterprise,1
0,0.06560174831354548,enterprise,1
0,0.2625496315387103,enterprise,1
0,0.2834621188030335,enterprise,1
0,0.0,enterprise,1
0,0.03676025424514501,enterprise,1
0,0.1940624443484014,enterprise,1
0,0.14521331484220595,enterprise,1
0,0.17815187267452823,enterprise,1
0,0.08616516796690618,enterprise,1
0,0.2767337772349111,enterprise,1
0,0.2655571128971843,enterprise,1
0,0.18726337673173377,enterprise,1
0,0.30399653276648364,enterprise,1
0,0.23142602764772502,enterprise,1
0,0.08547782908284379,enterprise,1
0,0.22056258624907488,enterprise,1
0,0.07452291390881012,enterprise,1
0,0.27662953314379995,enterprise,1
0,0.17450814979151216,enterprise,1
0,0.15966514001002133,enterprise,1
0,0.10509775011556644,enterprise,1
0,0.3144795472541433,enterprise,1
0,0.16300175697243174,enterprise,1
0,0.13288393956205818,enterprise,1
0,0.14126530944629473,enterprise,1
0,0.23855401041086835,enterprise,1
0,0.2201988470800486,enterprise,1
0,0.22540058727555873,enterprise,1
0,0.2273903103308671,enterprise,1
0,0.4155812360957507,enterprise,1
0,0.1352943481976923,enterprise,1
0,0.12365329980213088,enterprise,1
0,0.09048499989273344,enterprise,1
0,0.2477577364833045,enterprise,1
0,0.3041869521992981,enterprise,1
0,0.16746577965796375,enterprise,1
0,0.08758278753412191,enterprise,1
0,0.08930706627396365,enterprise,1
0,0.25156520666071713,enterprise,1
0,0.2617579588323786,enterprise,1
0,0.23974696951357144,enterprise,1
0,0.10679393219824362,enterprise,1
0,0.20553774553733917,enterprise,1
0,0.19283543900548009,enterprise,1
0,0.2040557456401914,enterprise,1
0,0.27585716557430084,enterprise,1
0,0.20459551036521503,enterprise,1
0,0.2546804919379084,enterprise,1
0,0.18743369764377804,enterprise,1
0,0.21180313385589825,enterprise,1
0,0.24944170484223943,enterprise,1
0,0.01971285981587667,enterprise,1
0,0.14483616620069684,enterprise,1
0,0.1282590080277925,enterprise,1
0,0.10972343669323238,enterprise,1
0,0.14973435236506477,enterprise,1
0,0.34444354423578355,enterprise,1
0,0.08475857727374324,enterprise,1
0,0.2865106190050629,enterprise,1
0,0.0,enterprise,1
0,0.14316264670156476,enterprise,1
0,0.1979028371615506,enterprise,1
0,0.2444844564495206,enterprise,1
0,0.258234923777214,enterprise,1
0,0.2672681958719918,enterprise,1
0,0.14164024205267187,enterprise,1
0,0.12914130280689762,enterprise,1
0,0.2743773469382869,enterprise,1
0,0.15895652426302237,enterprise,1
0,0.03967450443282858,enterprise,1
0,0.055338406459617115,enterprise,1
0,0.07886024853982275,enterprise,1
0,0.23468768184591404,enterprise,1
0,0.19566683096776216,enterprise,1
0,0.2559533889474545,enterprise,1
0,0.13300220890298123,enterprise,1
0,0.19743936601843856,enterprise,1
0,0.24881494333640702,enterprise,1
0,0.14597188063077376,enterprise,1
0,0.23024527613131526,enterprise,1
0,0.10718814648266835,enterprise,1
0,0.14006407687784211,enterprise,1
0,0.1380088316601838,enterprise,1
0,0.04845763898520564,enterprise,1
0,0.23356697288641398,enterprise,1
0,0.12836574257770036,enterprise,1
0,0.18137435306004562,enterprise,1
0,0.23288213247964998,enterprise,1
0,0.22911842936329385,enterprise,1
0,0.25319236198700645,enterprise,1
0,0.1691665967039634,enterprise,1
0,0.13343718567514307,enterprise,1
0,0.1712309968002961,enterprise,1
0,0.0,enterprise,1
0,0.020817628033460406,enterprise,1
0,0.034503042641015724,enterprise,1
0,0.070302848963837,enterprise,1
0,0.22397516493957803,enterprise,1
0,0.0803973039103933,enterprise,1
0,0.13840211905566713,enterprise,1
0,0.3229151127564672,enterprise,1
0,0.14081096318324315,enterprise,1
0,0.26112671253137953,enterprise,1
0,0.07730205519891352,enterprise,1
0,0.15740186863456068,enterprise,1
0,0.07549757395983606,enterprise,1
0,0.1427063616509381,enterprise,1
0,0.2724338951203135,enterprise,1
0,0.0,enterprise,1
0,0.2277866007900443,enterprise,1
0,0.20615091625655058,enterprise,1
0,0.1146435048733526,enterprise,1
0,0.020933636017269996,enterprise,1
0,0.18793424584852564,enterprise,1
0,0.12175580200298172,enterprise,1
0,0.20559438324901744,enterprise,1
0,0.1824037360075787,enterprise,1
0,0.3561956780453007,enterprise,1
0,0.15367088097796733,enterprise,1
0,0.06741527581159484,enterprise,1
0,0.19972031984519478,enterprise,1
0,0.20419963523689416,enterprise,1
0,0.32951063327644803,enterprise,1
0,0.27186223705060364,enterprise,1
0,0.21925581650644602,enterprise,1
0,0.3409633180341518,enterprise,1
0,0.04923606402448638,enterprise,1
0,0.10962733139752774,enterprise,1
0,0.07807664644539225,enterprise,1
0,0.13712092165286552,enterprise,1
0,0.028564523768806027,enterprise,1
0,0.24986660414958445,enterprise,1
0,0.15555550331913492,enterprise,1
0,0.018211307604707627,enterprise,1
0,0.06828630106717042,enterprise,1
0,0.21448652321952147,enterprise,1
0,0.2721939224683819,enterprise,1
0,0.3996403980860965,enterprise,1
0,0.5005248712608062,enterprise,1
0,0.2255850376603596,enterprise,1
0,0.07115080679649494,enterprise,1
0,0.0,enterprise,1
0,0.20944826085782192,enterprise,1
0,0.09057647951586413,enterprise,1
0,0.1343107013802346,enterprise,1
0,0.1126693521034211,enterprise,1
0,0.16451300249419762,enterprise,1
0,0.2972578253866408,enterprise,1
0,0.1972753424189879,enterprise,1
0,0.16255016792574428,enterprise,1
0,0.06607808718916071,enterprise,1
0,0.0,enterprise,1
0,0.1265061300019336,enterprise,1
0,0.17408391940998474,enterprise,1
0,0.3744722904937871,enterprise,1
0,0.19433019736201743,enterprise,1
0,0.28810134621253636,enterprise,1
0,0.12507748416069325,enterprise,1
0,0.049656185694127275,enterprise,1
0,0.07383715615443909,enterprise,1
0,0.10022513290106713,enterprise,1
0,0.4141316705678681,enterprise,1
0,0.08964746528531752,enterprise,1
0,0.2722338124109979,enterprise,1
0,0.08067801041042709,enterprise,1
0,0.28247303141616686,enterprise,1
0,0.22234460627164493,enterprise,1
0,0.16276983125761005,enterprise,1
0,0.17551612212510226,enterprise,1
0,0.10797335350276704,enterprise,1
0,0.22906794216302884,enterprise,1
0,0.1299518171625142,enterprise,1
0,0.045183365985602686,enterprise,1
0,0.039426866824841866,enterprise,1
0,0.19898467094943315,enterprise,1
0,0.35370003820514784,enterprise,1
0,0.1975990774930782,enterprise,1
0,0.16694978412791292,enterprise,1
0,0.2114408753562797,enterprise,1
0,0.3236601915877507,enterprise,1
0,0.20413207515002418,enterprise,1
0,0.1347980046082889,enterprise,1
0,0.30169175810658777,enterprise,1
0,0.22716320823077749,enterprise,1
0,0.34893315911955913,enterprise,1
0,0.20015578809440968,enterprise,1
0,0.04530840651074497,enterprise,1
0,0.02950248808297684,enterprise,1
0,0.3616020725454374,enterprise,1
0,0.3696032292861627,enterprise,1
0,0.16025288653891392,enterprise,1
0,0.13784939467504134,enterprise,1
0,0.34075887214664224,enterprise,1
0,0.05822497497521632,enterprise,1
0,0.08158002791485909,enterprise,1
0,0.2507659474157949,enterprise,1
0,0.13659343648544514,enterprise,1
0,0.17943659466079215,enterprise,1
0,0.1620212811623036,enterprise,1
0,0.2171332003678827,enterprise,1
0,0.3348230047445089,enterprise,1
0,0.189964339759192,enterprise,1
0,0.25083326726045435,enterprise,1
0,0.0,enterprise,1
0,0.17464097578768703,enterprise,1
0,0.08724467026778417,enterprise,1
0,0.0459305633534009,enterprise,1
0,0.08340323963783741,enterprise,1
0,0.14324642152291067,enterprise,1
0,0.2807492796591614,enterprise,1
0,0.03409680104864796,enterprise,1
0,0.1833694641853859,enterprise,1
0,0.12674136233330635,enterprise,1
0,0.14395595962018432,enterprise,1
0,0.29030336078350644,enterprise,1
0,0.23919269807043186,enterprise,1
0,0.3271137918187018,enterprise,1
0,0.16300437528251094,enterprise,1
0,0.10344631271622266,enterprise,1
0,0.15537553014314504,enterprise,1
0,0.20667464703983437,enterprise,1
0,0.1994230694299082,enterprise,1
0,0.060717312054329675,enterprise,1
0,0.18995387597906616,enterprise,1
0,0.20510511631527956,enterprise,1
0,0.4569221441287312,enterprise,1
0,0.3864529072409837,enterprise,1
0,0.08614323143852978,enterprise,1
0,0.14838783022959062,enterprise,1
0,0.019021379797929644,enterprise,1
0,0.11502222846401648,enterprise,1
0,0.21471655039493745,enterprise,1
0,0.31264389829770567,enterprise,1
0,0.09980077784820306,enterprise,1
0,0.10804389159254238,enterprise,1
0,0.0,enterprise,1
0,0.16210674874006015,enterprise,1
0,0.06313441469544805,enterprise,1
0,0.12176166298973187,enterprise,1
0,0.08354531440156529,enterprise,1
0,0.16963111903221872,enterprise,1
0,0.0,enterprise,1
0,0.018625023006991037,enterprise,1
0,0.4142171823231128,enterprise,1
0,0.0383835160598566,enterprise,1
0,0.059353586369989636,enterprise,1
0,0.38206048811534454,enterprise,1
0,0.4995573886164448,enterprise,1
0,0.05112767082921241,enterprise,1
0,0.13949261475331665,enterprise,1
0,0.21757111060345605,enterprise,1
0,0.37015674088461514,enterprise,1
0,0.07144572137289387,enterprise,1
0,0.1530194369463679,enterprise,1
0,0.2655071333667918,enterprise,1
0,0.22782426819132803,enterprise,1
0,0.13862283216468907,enterprise,1
0,0.16527947390323547,enterprise,1
0,0.028761461079301998,enterprise,1
0,0.1538008881627868,enterprise,1
0,0.15069737609901493,enterprise,1
0,0.20553868785888815,enterprise,1
0,0.11891400592990822,enterprise,1
0,0.2318692374799653,enterprise,1
0,0.2913987399601811,enterprise,1
0,0.19709722604353125,enterprise,1
0,0.21869320492391237,enterprise,1
0,0.1858470882335654,enterprise,1
0,0.18000928324005555,enterprise,1
0,0.10062861631028677,enterprise,1
0,0.21481436878406387,enterprise,1
0,0.16929847417451616,enterprise,1
0,0.4102485139823654,enterprise,1
0,0.3530690392722767,enterprise,1
0,0.2224431207812151,enterprise,1
0,0.09606370693357556,enterprise,1
0,0.057634738081824025,enterprise,1
0,0.31102572483977514,enterprise,1
0,0.20890241476618523,enterprise,1
0,0.23281577437307718,enterprise,1
0,0.0,enterprise,1
0,0.2820182329713999,enterprise,1
0,0.2299862372035799,enterprise,1
0,0.057852624714407413,enterprise,1
0,0.1281322711805056,enterprise,1
0,0.20900889247921714,enterprise,1
0,0.1857713478191868,enterprise,1
0,0.14786116956160894,enterprise,1
0,0.1686162905127443,enterprise,1
0,0.1522824883972426,enterprise,1
0,0.19678187633127153,enterprise,1
0,0.34186411702924724,enterprise,1
0,0.0,enterprise,1
0,0.15394647090393473,enterprise,1
0,0.19941636635096915,enterprise,1
0,0.21255933886558093,enterprise,1
0,0.13908939605465812,enterprise,1
0,0.0,enterprise,1
0,0.21607950320855207,enterprise,1
0,0.37000852355806035,enterprise,1
0,0.011275245459224842,enterprise,1
0,0.2750210815068007,enterprise,1
0,0.14386222545648167,enterprise,1
0,0.17325432195882678,enterprise,1
0,0.0641811638225656,enterprise,1
0,0.14320982104085356,enterprise,1
0,0.3230049054168854,enterprise,1
0,0.24409207661864776,enterprise,1
0,0.3705542765950939,enterprise,1
0,0.3095153077875463,enterprise,1
0,0.2282995346822534,enterprise,1
0,0.37183279787845713,enterprise,1
0,0.22828924746121285,enterprise,1
0,0.2710786994476765,enterprise,1
0,0.14737719511118208,enterprise,1
0,0.18732003974451253,enterprise,1
0,0.10328337943696954,enterprise,1
0,0.2888542328054338,enterprise,1
0,0.05038660145736479,enterprise,1
1,0.9051760547868258,enterprise,1
1,0.7494958307991745,enterprise,1
1,0.9673995349547712,enterprise,1
1,0.9001390381970016,enterprise,1
1,1.0,enterprise,1
1,0.8969239505821832,enterprise,1
1,0.5284735590954814,enterprise,1
1,0.7692874923362879,enterprise,1
1,0.5924788491848295,enterprise,1
1,0.6970752252213961,enterprise,1
1,1.0,enterprise,1
1,0.8820054097436314,enterprise,1
1,0.6681711314274006,enterprise,1
1,0.6178052213695362,enterprise,1
1,0.7852451348602018,enterprise,1
1,0.5853503760990195,enterprise,1
1,0.672617555616547,enterprise,1
1,0.829921515448199,enterprise,1
1,0.9648499257770714,enterprise,1
1,0.8774018355559103,enterprise,1
1,0.41339367862430404,enterprise,1
1,0.8286986766448416,enterprise,1
1,0.7915253717172125,enterprise,1
1,0.8462224456596309,enterprise,1
1,1.0,enterprise,1
1,0.44988187571124116,enterprise,1
1,0.6854234519694231,enterprise,1
1,0.8745450116469368,enterprise,1
1,0.5269448960873693,enterprise,1
1,1.0,enterprise,1
1,0.8389370580321054,enterprise,1
1,0.9154534377349447,enterprise,1
1,0.6886490141565129,enterprise,1
1,0.9102021903945937,enterprise,1
1,0.9509554489582461,enterprise,1
1,0.817260483221947,enterprise,1
1,0.8175041428317914,enterprise,1
1,0.8232549182850761,enterprise,1
1,0.6418647576416989,enterprise,1
1,0.7563954111615435,enterprise,1
1,0.7555963948076226,enterprise,1
1,0.8413430182965592,enterprise,1
1,0.9399718795056472,enterprise,1
1,0.6106342268834546,enterprise,1
1,0.7599985551488676,enterprise,1
1,1.0,enterprise,1
1,0.6610258833899898,enterprise,1
1,0.6484399972335488,enterprise,1
1,0.812368990692991,enterprise,1
1,0.9151016304776513,enterprise,1
0,0.20125686611167254,engineering,3
0,0.3461856649480688,engineering,3
0,0.29424733808231796,engineering,3
0,0.2926002073579068,engineering,3
0,0.2609528151456503,engineering,3
0,0.4560418410380694,engineering,3
0,0.17743221422473515,engineering,3
0,0.0,engineering,3
0,0.3764679797668855,engineering,3
0,0.1496530625947492,engineering,3
0,0.21186684887773366,engineering,3
0,0.344050575334658,engineering,3
0,0.023751450483518233,engineering,3
0,0.06231880644832466,engineering,3
0,0.023859426916926108,engineering,3
0,0.11264500809720339,engineering,3
0,0.2483600266618693,engineering,3
0,0.2576606627094048,engineering,3
0,0.2303901597261409,engineering,3
0,0.04459575277183969,engineering,3
0,0.0,engineering,3
0,0.20597889439294206,engineering,3
0,0.14810463629978307,engineering,3
0,0.2505324348888273,engineering,3
0,0.2772148988843397,engineering,3
0,0.215206557526455,engineering,3
0,0.2836146393913439,engineering,3
0,0.22521325115265753,engineering,3
0,0.2583071176161613,engineering,3
0,0.12248594108431295,engineering,3
0,0.18024274447853958,engineering,3
0,0.2216453706322653,engineering,3
0,0.29025813229591607,engineering,3
0,0.15668847105529707,engineering,3
0,0.25732839813053243,engineering,3
0,0.17075773288930832,engineering,3
0,0.18707036159390567,engineering,3
0,0.29124709462264803,engineering,3
0,0.0,engineering,3
0,0.05738804391177629,engineering,3
0,0.03695960628128972,engineering,3
0,0.0,engineering,3
0,0.1253909115829306,engineering,3
0,0.2824377289700515,engineering,3
0,0.16866275269791678,engineering,3
0,0.22175690901360373,engineering,3
0,0.3198139246381872,engineering,3
0,0.3460454745494461,engineering,3
0,0.19239482718012466,engineering,3
0,0.3488944478526337,engineering,3
0,0.21013393242775202,engineering,3
0,0.10788619537897919,engineering,3
0,0.13461596125813913,engineering,3
0,0.037140983617848206,engineering,3
0,0.10230527608929825,engineering,3
0,0.1606181643118128,engineering,3
0,0.2883943521316462,engineering,3
0,0.38928468142825823,engineering,3
0,0.04796003330852561,engineering,3
0,0.24321102150859109,engineering,3
0,0.08554016669267123,engineering,3
0,0.25221667973095224,engineering,3
0,0.18558046842435008,engineering,3
0,0.0,engineering,3
0,0.3021126690725333,engineering,3
0,0.13344992159103958,engineering,3
0,0.14127097377890901,engineering,3
0,0.08232723475813412,engineering,3
0,0.1280288395643689,engineering,3
0,0.2470679484764409,engineering,3
0,0.17918312249699542,engineering,3
0,0.23615282025107293,engineering,3
0,0.23981140393217282,engineering,3
0,0.34527278210809836,engineering,3
0,0.1622935234049183,engineering,3
0,0.03754564014696951,engineering,3
0,0.31739446582291814,engineering,3
0,0.163536301069302,engineering,3
0,0.3226051689035115,engineering,3
0,0.24217148245007175,engineering,3
0,0.18557487167763206,engineering,3
0,0.2383653483450925,engineering,3
0,0.414611381613893,engineering,3
0,0.4284678581959128,engineering,3
0,0.20763192486460566,engineering,3
0,0.21762096526487829,engineering,3
0,0.3183864173213024,engineering,3
0,0.10697728639559183,engineering,3
0,0.23663774098800808,engineering,3
0,0.1971550867250758,engineering,3
0,0.2345299032603309,engineering,3
0,0.10832943134556537,engineering,3
0,0.025147575736013422,engineering,3
0,0.0,engineering,3
0,0.07708774757114314,engineering,3
0,0.14954571865667338,engineering,3
0,0.1677489254686362,engineering,3
0,0.41309542786724684,engineering,3
0,0.3216592706898028,engineering,3
0,0.09416997720242101,engineering,3
0,0.23824792976960527,engineering,3
0,0.15522139400146426,engineering,3
0,0.16871997781558956,engineering,3
0,0.22038582143569202,engineering,3
0,0.26810882286729326,engineering,3
0,0.16268156677275833,engineering,3
0,0.31702366860077946,engineering,3
0,0.07438679512433558,engineering,3
0,0.20069729685984955,engineering,3
0,0.48574410992554157,engineering,3
0,0.22453877168878028,engineering,3
0,0.357653595726679,engineering,3
0,0.21006721959905292,engineering,3
0,0.26388548048627763,engineering,3
0,0.19375384861680395,engineering,3
0,0.18125516607193753,engineering,3
0,0.11425693636020386,engineering,3
0,0.24733314948533086,engineering,3
0,0.10633090918956555,engineering,3
0,0.27321437599447723,engineering,3
0,0.31938157048905014,engineering,3
0,0.24031845479609532,engineering,3
0,0.1685126393088739,engineering,3
0,0.24993621372395658,engineering,3
0,0.16604596388989462,engineering,3
0,0.3029101838011664,engineering,3
0,0.0,engineering,3
0,0.16308318950694892,engineering,3
0,0.0,engineering,3
0,0.03554330867500746,engineering,3
0,0.35002484527953004,engineering,3
0,0.29847034801688543,engineering,3
0,0.12085717433867307,engineering,3
0,0.03472461983550135,engineering,3
0,0.0,engineering,3
0,0.14021549412741022,engineering,3
0,0.4662456513472143,engineering,3
0,0.2478372698610012,engineering,3
0,0.13844704853455617,engineering,3
0,0.2511588230450337,engineering,3
0,0.028294581170611288,engineering,3
0,0.16729443010326012,engineering,3
0,0.21094252203173125,engineering,3
0,0.19052892829968468,engineering,3
0,0.2869886733859089,engineering,3
0,0.23791097488596577,engineering,3
0,0.27351586199187966,engineering,3
0,0.12427904895461647,engineering,3
0,0.2987596949251603,engineering,3
0,0.37918306423863907,engineering,3
0,0.09328355283834462,engineering,3
0,0.10235347787139844,engineering,3
0,0.34693627699522567,engineering,3
0,0.17895216146354337,engineering,3
0,0.3544203531273213,engineering,3
0,0.1513210716918598,engineering,3
0,0.36005501338977824,engineering,3
0,0.21446343984859975,engineering,3
0,0.22840517056549647,engineering,3
0,0.37211898238368946,engineering,3
0,0.16020524748114118,engineering,3
0,0.0964765694482546,engineering,3
0,0.15065793711688102,engineering,3
0,0.24975673457074526,engineering,3
0,0.027766502060143444,engineering,3
0,0.2701217992916234,engineering,3
0,0.14073515506204826,engineering,3
0,0.326259392680692,engineering,3
0,0.0,engineering,3
0,0.11347776473854146,engineering,3
0,0.014488503364248784,engineering,3
0,0.10911475869996523,engineering,3
0,0.22724324912198376,engineering,3
0,0.18028507120052698,engineering,3
0,0.17212846741571836,engineering,3
0,0.18248966414819331,engineering,3
0,0.2223727064681938,engineering,3
0,0.08906103538625816,engineering,3
0,0.2777534604988956,engineering,3
0,0.2728932567424032,engineering,3
1,0.7616060700249762,engineering,3
1,0.7890453508402021,engineering,3
1,0.7474268801293855,engineering,3
1,1.0,engineering,3
1,0.6860649326315984,engineering,3
1,0.6508666850664677,engineering,3
1,0.5794355871428195,engineering,3
1,0.5348379727075461,engineering,3
1,0.5008845139838278,engineering,3
1,0.557792429883053,engineering,3
1,0.6886911389356686,engineering,3
1,0.7534872205596342,engineering,3
1,0.7081827293683458,engineering,3
1,0.5775143556112459,engineering,3
1,0.844029530243194,engineering,3
1,0.8183060275681515,engineering,3
1,0.6744562708124773,engineering,3
1,0.595533416853646,engineering,3
1,0.7877484673327679,engineering,3
1,0.7300757739977767,engineering,3
1,0.46829963849359235,engineering,3
1,0.6891231590424952,engineering,3
1,0.7419257299319009,engineering,3
1,0.5560488341619594,engineering,3
1,0.7303749428539908,engineering,3
1,0.4672284023587537,engineering,3
1,0.9137897760019473,engineering,3
1,0.8996719976095091,engineering,3
1,0.6595972265115256,engineering,3
1,0.7581526940542517,engineering,3
1,0.31441248547201994,engineering,3
1,0.5149843743575466,engineering,3
1,0.6529953727756592,engineering,3
1,0.5284587165717025,engineering,3
1,0.8143034372209054,engineering,3
1,1.0,engineering,3
1,0.5117416448913117,engineering,3
1,0.5660058553463692,engineering,3
1,0.7376717389295888,engineering,3
1,0.9577785837599393,engineering,3
0,0.08553882562061066,safety_instrumented,10
0,0.24739397345376363,safety_instrumented,10
0,0.420342873589442,safety_instrumented,10
0,0.03830649370028061,safety_instrumented,10
0,0.07908238724695849,safety_instrumented,10
0,0.1734032732893078,safety_instrumented,10
0,0.16273527458590478,safety_instrumented,10
0,0.3093861416529009,safety_instrumented,10
0,0.2465825691802922,safety_instrumented,10
0,0.024754173439365895,safety_instrumented,10
0,0.2766951443190892,safety_instrumented,10
0,0.15647072239087845,safety_instrumented,10
0,0.3601891938635363,safety_instrumented,10
0,0.15096537099193885,safety_instrumented,10
0,0.14997231885875406,safety_instrumented,10
0,0.2795244771884985,safety_instrumented,10
0,0.303921913057063,safety_instrumented,10
0,0.2692909300329824,safety_instrumented,10
0,0.03458429508767111,safety_instrumented,10
0,0.2791837883921076,safety_instrumented,10
0,0.1062261143158161,safety_instrumented,10
0,0.245880372274709,safety_instrumented,10
0,0.06338921210610338,safety_instrumented,10
0,0.269095436229737,safety_instrumented,10
0,0.13127412052618903,safety_instrumented,10
0,0.07891018847134262,safety_instrumented,10
0,0.2985202150130639,safety_instrumented,10
0,0.24658089738444264,safety_instrumented,10
0,0.1524625518467813,safety_instrumented,10
0,0.37962967339231707,safety_instrumented,10
0,0.17152823362732833,safety_instrumented,10
0,0.22353184413680283,safety_instrumented,10
0,0.2495804792446461,safety_instrumented,10
0,0.1518367472458525,safety_instrumented,10
0,0.27182499227399226,safety_instrumented,10
0,0.16132024181188032,safety_instrumented,10
0,0.17471978455621698,safety_instrumented,10
0,0.3698906903783675,safety_instrumented,10
0,0.10553553422363236,safety_instrumented,10
0,0.0,safety_instrumented,10
0,0.39720306945130834,safety_instrumented,10
0,0.5004260747867704,safety_instrumented,10
0,0.17542038080057348,safety_instrumented,10
0,0.006947815531779616,safety_instrumented,10
0,0.18584676261844618,safety_instrumented,10
0,0.1885154755175264,safety_instrumented,10
0,0.19910837748755172,safety_instrumented,10
0,0.09752731538859669,safety_instrumented,10
0,0.2837517256724125,safety_instrumented,10
0,0.2776958112814695,safety_instrumented,10
0,0.05561538181987627,safety_instrumented,10
0,0.29691164048643764,safety_instrumented,10
0,0.445795348014048,safety_instrumented,10
0,0.23891563656807657,safety_instrumented,10
0,0.18289423217246434,safety_instrumented,10
0,0.20437964641517264,safety_instrumented,10
0,0.28767824436654177,safety_instrumented,10
0,0.029626123394206005,safety_instrumented,10
0,0.23808297732750325,safety_instrumented,10
0,0.1770489655590909,safety_instrumented,10
0,0.423260751425165,safety_instrumented,10
0,0.20084099928145463,safety_instrumented,10
0,0.40346763722314716,safety_instrumented,10
0,0.09858852324397921,safety_instrumented,10
0,0.28459850834830713,safety_instrumented,10
0,0.2551340290170352,safety_instrumented,10
0,0.12440480273487393,safety_instrumented,10
0,0.23951357261006345,safety_instrumented,10
0,0.35337707205147606,safety_instrumented,10
0,0.1843829125284739,safety_instrumented,10
0,0.03388410859132604,safety_instrumented,10
0,0.21806808908748096,safety_instrumented,10
0,0.12073345957282361,safety_instrumented,10
0,0.18234249674697295,safety_instrumented,10
0,0.21102534533463668,safety_instrumented,10
0,0.0323782562382931,safety_instrumented,10
0,0.04227758267472542,safety_instrumented,10
0,0.2730273519078078,safety_instrumented,10
0,0.16250094342133517,safety_instrumented,10
0,0.0,safety_instrumented,10
0,0.30633284402689487,safety_instrumented,10
0,0.2499606730801664,safety_instrumented,10
0,0.14147376935598677,safety_instrumented,10
0,0.07514867678359344,safety_instrumented,10
0,0.3119388685945771,safety_instrumented,10
0,0.25842856848164725,safety_instrumented,10
0,0.48208625109524805,safety_instrumented,10
0,0.2662207458597431,safety_instrumented,10
0,0.26264734553882163,safety_instrumented,10
0,0.20163792768805783,safety_instrumented,10
0,0.309845345392087,safety_instrumented,10
0,0.2887593721372969,safety_instrumented,10
0,0.3576897509421715,safety_instrumented,10
0,0.16265447894989868,safety_instrumented,10
0,0.17210517797616415,safety_instrumented,10
0,0.16729865119968218,safety_instrumented,10
0,0.3069881893296888,safety_instrumented,10
0,0.3848211884326405,safety_instrumented,10
0,0.16952754575357692,safety_instrumented,10
0,0.17327488994275997,safety_instrumented,10
0,0.2545484946256779,safety_instrumented,10
0,0.19296623499858084,safety_instrumented,10
0,0.3247259018453879,safety_instrumented,10
0,0.0,safety_instrumented,10
0,0.1290624448391416,safety_instrumented,10
0,0.13393420326424096,safety_instrumented,10
0,0.0,safety_instrumented,10
0,0.11399977111943155,safety_instrumented,10
0,0.11933282725694812,safety_instrumented,10
0,0.19787848800292868,safety_instrumented,10
0,0.342426248082629,safety_instrumented,10
0,0.19304332836902274,safety_instrumented,10
0,0.10661049077017308,safety_instrumented,10
0,0.2137350004665118,safety_instrumented,10
0,0.33540909835854843,safety_instrumented,10
0,0.11264453022736047,safety_instrumented,10
0,0.11983676276864065,safety_instrumented,10
0,0.2814403855201646,safety_instrumented,10
0,0.19563102726961196,safety_instrumented,10
0,0.2912233159780422,safety_instrumented,10
1,0.5778165133127525,safety_instrumented,10
1,0.6922661836943307,safety_instrumented,10
1,0.4143875017534974,safety_instrumented,10
1,0.5780664558738772,safety_instrumented,10
1,0.5462895977018949,safety_instrumented,10
1,0.38545745214333904,safety_instrumented,10
1,0.32984352834100983,safety_instrumented,10
1,0.6897198456439458,safety_instrumented,10
1,0.5238476188451234,safety_instrumented,10
1,0.41643515493642724,safety_instrumented,10
1,0.5646113700922668,safety_instrumented,10
1,0.7604830171758884,safety_instrumented,10
1,0.2150819447404923,safety_instrumented,10
1,0.34053780961546776,safety_instrumented,10
1,0.43233816929675717,safety_instrumented,10
1,0.8137886186752525,safety_instrumented,10
1,0.6252139172670874,safety_instrumented,10
1,0.7027707584737962,safety_instrumented,10
1,0.3975742529398031,safety_instrumented,10
1,0.4008742599567158,safety_instrumented,10
1,0.6516501946756337,safety_instrumented,10
1,0.5893238929496714,safety_instrumented,10
1,0.6677982110182602,safety_instrumented,10
1,0.5499726414514476,safety_instrumented,10
1,0.6245029962327403,safety_instrumented,10
1,0.6052990535848174,safety_instrumented,10
1,0.704442782253588,safety_instrumented,10
1,0.7091213251111153,safety_instrumented,10
1,0.3208204808973168,safety_instrumented,10
1,0.22043703114546304,safety_instrumented,10
