station,action,start_h,status,unserved,lowp,env,negative_pressure
A1,a0,,ok,-1.8095440730057533,-0.75,4.75,
A1,a1,7.0,ok,-1.8095440730057533,-0.75,4.75,False
A1,a1,8.0,ok,-1.8095440730057533,-0.75,4.75,False
A1,a1,9.0,ok,-1.8095440730057533,-0.75,4.75,False
A1,a1,11.0,ok,-1.8095440730057533,-0.75,4.75,False
A1,a1,12.0,ok,-1.8095440730057533,-0.75,4.75,False
A1,a1,17.0,ok,-1.8095440730057533,-0.75,4.75,False
A1,a1,18.0,ok,-1.8095440730057533,-0.75,4.75,False
A1,a1,21.0,ok,-1.8095440730057533,-0.75,4.75,False
A1,a2,7.0,ok,0.12632981797463572,0.25,-2.0,False
A1,a2,8.0,ok,0.2858237850702494,0.25,-2.25,False
A1,a2,9.0,ok,0.2828472871391057,0.25,-2.25,False
A1,a2,11.0,ok,0.21394749155507498,0.25,-2.25,False
A1,a2,12.0,ok,0.28228202468326913,0.25,-2.25,False
A1,a2,17.0,ok,0.22754217371391405,0.25,-2.25,False
A1,a2,18.0,ok,0.1594027423609532,0.25,-2.5,False
A1,a2,21.0,ok,0.1735141973110217,0.25,-2.5,False
A1,a3,7.0,ok,4302.740557952432,4988.5,84.75,True
A1,a3,8.0,ok,0.47475209190017154,8.5,-3.75,False
A1,a3,9.0,ok,0.20758855699995138,8.5,-3.0,False
A1,a3,11.0,ok,-0.0855363262710398,10.0,-3.75,False
A1,a3,12.0,not run (compute budget),,,,False
A1,a3,17.0,ok,-1.2830044693080538,8.5,-1.25,False
A1,a3,18.0,not run (compute budget),,,,False
A1,a3,21.0,not run (compute budget),,,,False
A2,a0,,ok,12.945589388424963,0.25,31.5,
A2,a1,7.0,ok,12.945589388424963,0.25,31.5,False
A2,a1,8.0,ok,12.945589388424963,0.25,31.5,False
A2,a1,9.0,ok,12.945589388424963,0.25,31.5,False
A2,a1,11.0,ok,12.945589388424963,0.25,31.5,False
A2,a1,12.0,ok,12.945589388424963,0.25,31.5,False
A2,a1,17.0,ok,12.945589388424963,0.25,31.5,False
A2,a1,18.0,ok,12.945589388424963,0.25,31.5,False
A2,a1,21.0,ok,12.945589388424963,0.25,31.5,False
A2,a2,7.0,ok,-11.448413194624436,0.25,29.25,False
A2,a2,8.0,ok,-10.807643441720472,0.25,29.0,False
A2,a2,9.0,ok,-10.812425857998903,0.25,28.25,False
A2,a2,11.0,ok,-10.559267120943048,0.25,28.5,False
A2,a2,12.0,ok,-10.234769192681057,0.0,29.25,False
A2,a2,17.0,ok,-8.40662700419358,0.25,29.0,False
A2,a2,18.0,ok,-8.255157615498746,0.25,29.25,False
A2,a2,21.0,ok,-5.807293719108856,0.25,29.0,False
A2,a3,7.0,not run (compute budget),,,,False
A2,a3,8.0,not run (compute budget),,,,False
A2,a3,9.0,not run (compute budget),,,,False
A2,a3,11.0,not run (compute budget),,,,False
A2,a3,12.0,not run (compute budget),,,,False
A2,a3,17.0,not run (compute budget),,,,False
A2,a3,18.0,not run (compute budget),,,,False
A2,a3,21.0,not run (compute budget),,,,False
A3,a0,,ok,0.36399735171312386,7.5,-0.25,
A3,a1,7.0,ok,0.36399735171312386,7.5,-0.25,False
A3,a1,8.0,ok,0.36399735171312386,7.5,-0.25,False
A3,a1,9.0,ok,0.36399735171312386,7.5,-0.25,False
A3,a1,11.0,ok,0.36399735171312386,7.5,-0.25,False
A3,a1,12.0,ok,0.36399735171312386,7.5,-0.25,False
A3,a1,17.0,ok,0.36399735171312386,7.5,-0.25,False
A3,a1,18.0,ok,0.36399735171312386,7.5,-0.25,False
A3,a1,21.0,ok,0.36399735171312386,7.5,-0.25,False
A3,a2,7.0,ok,0.08742310535041042,-0.5,-0.75,False
A3,a2,8.0,ok,0.12112825553288076,-0.5,-0.75,False
A3,a2,9.0,ok,0.08561598299863249,0.0,-0.75,False
A3,a2,11.0,ok,0.14216951115082566,0.25,-0.75,False
A3,a2,12.0,ok,0.14367172532217865,0.25,-0.75,False
A3,a2,17.0,ok,0.2313796588431103,1.25,-0.75,False
A3,a2,18.0,ok,0.10344326865021003,1.25,-1.0,False
A3,a2,21.0,ok,0.018594760482301353,1.75,-1.25,False
A3,a3,7.0,not run (compute budget),,,,False
A3,a3,8.0,not run (compute budget),,,,False
A3,a3,9.0,not run (compute budget),,,,False
A3,a3,11.0,not run (compute budget),,,,False
A3,a3,12.0,not run (compute budget),,,,False
A3,a3,17.0,not run (compute budget),,,,False
A3,a3,18.0,not run (compute budget),,,,False
A3,a3,21.0,not run (compute budget),,,,False
A4,a0,,ok,-0.0429032518545398,0.0,-1.75,
A4,a1,7.0,ok,-0.0429032518545398,0.0,-1.75,False
A4,a1,8.0,ok,-0.0429032518545398,0.0,-1.75,False
A4,a1,9.0,ok,-0.0429032518545398,0.0,-1.75,False
A4,a1,11.0,ok,-0.0429032518545398,0.0,-1.75,False
A4,a1,12.0,ok,-0.0429032518545398,0.0,-1.75,False
A4,a1,17.0,ok,-0.0429032518545398,0.0,-1.75,False
A4,a1,18.0,ok,-0.0429032518545398,0.0,-1.75,False
A4,a1,21.0,ok,-0.0429032518545398,0.0,-1.75,False
A4,a2,7.0,ok,1.9805430774968045,0.25,-1.75,False
A4,a2,8.0,ok,1.9045464287244158,0.5,-1.75,False
A4,a2,9.0,ok,1.8482626507557711,0.75,-1.75,False
A4,a2,11.0,ok,0.15302823627058615,0.75,-2.0,False
A4,a2,12.0,ok,0.15314910779611068,1.0,-2.0,False
A4,a2,17.0,ok,-0.06319433275660913,-1.0,-2.0,False
A4,a2,18.0,ok,-0.049920689861124856,-1.0,-2.0,False
A4,a2,21.0,ok,-0.06506131628952971,-0.75,-2.0,False
A4,a3,7.0,not run (compute budget),,,,False
A4,a3,8.0,not run (compute budget),,,,False
A4,a3,9.0,not run (compute budget),,,,False
A4,a3,11.0,not run (compute budget),,,,False
A4,a3,12.0,not run (compute budget),,,,False
A4,a3,17.0,not run (compute budget),,,,False
A4,a3,18.0,not run (compute budget),,,,False
A4,a3,21.0,not run (compute budget),,,,False
