operating_point,provisional_level,final_level_full,human_delay_h,reject_rate,detected,false_alarm_episodes,detection_delay_h,policy,autonomous_false_actions,false_unserved_m3,false_envelope_h,unsafe_autonomous,response,attack_unserved_m3,attack_envelope_h,attack_unserved_no_action_m3,attack_envelope_no_action_h
Nominal 1%,1,1,1,1.0,3/7,12,17,Playbook,12.0,13.525242868755974,42.0,6.0,autonomous a1,2.8642848538194485,8.5625,2.8642848538194485,8.5625
Nominal 1%,1,1,1,1.0,3/7,12,17,Gates-only,9.0,1.572335536846758,0.0,0.0,"autonomous where gates pass (3/4 stations), else human after 1 h",2.862110809437084,8.535714285714285,2.8642848538194485,8.5625
Nominal 1%,1,1,1,1.0,3/7,12,17,Score-only,0.0,0.0,0.0,0.0,AI path withheld; operator fallback after 1 h,0.7750664563594662,7.4375,2.8642848538194485,8.5625
Nominal 1%,1,1,1,1.0,3/7,12,17,Full RDFR-CI,0.0,0.0,0.0,0.0,AI path withheld; operator fallback after 1 h,0.7750664563594662,7.4375,2.8642848538194485,8.5625
Nominal 1%,1,1,1,0.9,3/7,12,17,Playbook,12.0,13.525242868755974,42.0,6.0,autonomous a1,2.8642848538194485,8.5625,2.8642848538194485,8.5625
Nominal 1%,1,1,1,0.9,3/7,12,17,Gates-only,9.0,2.8193991929907742,2.999999999999999,0.0,"autonomous where gates pass (3/4 stations), else human after 1 h",2.862110809437084,8.535714285714285,2.8642848538194485,8.5625
Nominal 1%,1,1,1,0.9,3/7,12,17,Score-only,0.0,0.0,0.0,0.0,AI path withheld; operator fallback after 1 h,0.7750664563594662,7.4375,2.8642848538194485,8.5625
Nominal 1%,1,1,1,0.9,3/7,12,17,Full RDFR-CI,0.0,0.0,0.0,0.0,AI path withheld; operator fallback after 1 h,0.7750664563594662,7.4375,2.8642848538194485,8.5625
Nominal 1%,1,1,1,0.5,3/7,12,17,Playbook,12.0,13.525242868755974,42.0,6.0,autonomous a1,2.8642848538194485,8.5625,2.8642848538194485,8.5625
Nominal 1%,1,1,1,0.5,3/7,12,17,Gates-only,9.0,7.807653817566841,15.0,0.0,"autonomous where gates pass (3/4 stations), else human after 1 h",2.862110809437084,8.535714285714285,2.8642848538194485,8.5625
Nominal 1%,1,1,1,0.5,3/7,12,17,Score-only,0.0,0.0,0.0,0.0,AI path withheld; operator fallback after 1 h,0.7750664563594662,7.4375,2.8642848538194485,8.5625
Nominal 1%,1,1,1,0.5,3/7,12,17,Full RDFR-CI,0.0,0.0,0.0,0.0,AI path withheld; operator fallback after 1 h,0.7750664563594662,7.4375,2.8642848538194485,8.5625
Nominal 1%,1,1,4,1.0,3/7,12,17,Playbook,12.0,13.525242868755974,42.0,6.0,autonomous a1,2.8642848538194485,8.5625,2.8642848538194485,8.5625
Nominal 1%,1,1,4,1.0,3/7,12,17,Gates-only,9.0,1.572335536846758,0.0,0.0,"autonomous where gates pass (3/4 stations), else human after 4 h",2.862110809437084,8.535714285714285,2.8642848538194485,8.5625
Nominal 1%,1,1,4,1.0,3/7,12,17,Score-only,0.0,0.0,0.0,0.0,AI path withheld; operator fallback after 4 h,1.0281364081534283,7.383928571428571,2.8642848538194485,8.5625
Nominal 1%,1,1,4,1.0,3/7,12,17,Full RDFR-CI,0.0,0.0,0.0,0.0,AI path withheld; operator fallback after 4 h,1.0281364081534283,7.383928571428571,2.8642848538194485,8.5625
Nominal 1%,1,1,4,0.9,3/7,12,17,Playbook,12.0,13.525242868755974,42.0,6.0,autonomous a1,2.8642848538194485,8.5625,2.8642848538194485,8.5625
Nominal 1%,1,1,4,0.9,3/7,12,17,Gates-only,9.0,2.8193991929907742,2.999999999999999,0.0,"autonomous where gates pass (3/4 stations), else human after 4 h",2.862110809437084,8.535714285714285,2.8642848538194485,8.5625
Nominal 1%,1,1,4,0.9,3/7,12,17,Score-only,0.0,0.0,0.0,0.0,AI path withheld; operator fallback after 4 h,1.0281364081534283,7.383928571428571,2.8642848538194485,8.5625
Nominal 1%,1,1,4,0.9,3/7,12,17,Full RDFR-CI,0.0,0.0,0.0,0.0,AI path withheld; operator fallback after 4 h,1.0281364081534283,7.383928571428571,2.8642848538194485,8.5625
Nominal 1%,1,1,4,0.5,3/7,12,17,Playbook,12.0,13.525242868755974,42.0,6.0,autonomous a1,2.8642848538194485,8.5625,2.8642848538194485,8.5625
Nominal 1%,1,1,4,0.5,3/7,12,17,Gates-only,9.0,7.807653817566841,15.0,0.0,"autonomous where gates pass (3/4 stations), else human after 4 h",2.862110809437084,8.535714285714285,2.8642848538194485,8.5625
Nominal 1%,1,1,4,0.5,3/7,12,17,Score-only,0.0,0.0,0.0,0.0,AI path withheld; operator fallback after 4 h,1.0281364081534283,7.383928571428571,2.8642848538194485,8.5625
Nominal 1%,1,1,4,0.5,3/7,12,17,Full RDFR-CI,0.0,0.0,0.0,0.0,AI path withheld; operator fallback after 4 h,1.0281364081534283,7.383928571428571,2.8642848538194485,8.5625
Nominal 5%,2,2,1,1.0,5/7,20,7,Playbook,20.0,22.542071447926624,70.0,10.0,autonomous a1,2.8642848538194485,8.5625,2.8642848538194485,8.5625
Nominal 5%,2,2,1,1.0,5/7,20,7,Gates-only,15.0,2.62055922807793,0.0,0.0,"autonomous where gates pass (3/4 stations), else human after 1 h",3.225614555489331,8.5625,2.8642848538194485,8.5625
Nominal 5%,2,2,1,1.0,5/7,20,7,Score-only,0.0,0.0,0.0,0.0,human executes AI recommendation a1 after 1 h,2.8642848538194485,8.5625,2.8642848538194485,8.5625
Nominal 5%,2,2,1,1.0,5/7,20,7,Full RDFR-CI,0.0,0.0,0.0,0.0,human executes gate-selected recommendation after 1 h,3.212043725351405,8.5625,2.8642848538194485,8.5625
Nominal 5%,2,2,1,0.9,5/7,20,7,Playbook,20.0,22.542071447926624,70.0,10.0,autonomous a1,2.8642848538194485,8.5625,2.8642848538194485,8.5625
Nominal 5%,2,2,1,0.9,5/7,20,7,Gates-only,15.0,4.698998654984624,4.999999999999999,0.0,"autonomous where gates pass (3/4 stations), else human after 1 h",3.225614555489331,8.5625,2.8642848538194485,8.5625
Nominal 5%,2,2,1,0.9,5/7,20,7,Score-only,0.0,2.254207144792662,6.999999999999998,0.0,human executes AI recommendation a1 after 1 h,2.8642848538194485,8.5625,2.8642848538194485,8.5625
Nominal 5%,2,2,1,0.9,5/7,20,7,Full RDFR-CI,0.0,0.26205592280779294,0.0,0.0,human executes gate-selected recommendation after 1 h,3.212043725351405,8.5625,2.8642848538194485,8.5625
Nominal 5%,2,2,1,0.5,5/7,20,7,Playbook,20.0,22.542071447926624,70.0,10.0,autonomous a1,2.8642848538194485,8.5625,2.8642848538194485,8.5625
Nominal 5%,2,2,1,0.5,5/7,20,7,Gates-only,15.0,13.012756362611402,25.0,0.0,"autonomous where gates pass (3/4 stations), else human after 1 h",3.225614555489331,8.5625,2.8642848538194485,8.5625
Nominal 5%,2,2,1,0.5,5/7,20,7,Score-only,0.0,11.271035723963312,35.0,0.0,human executes AI recommendation a1 after 1 h,2.8642848538194485,8.5625,2.8642848538194485,8.5625
Nominal 5%,2,2,1,0.5,5/7,20,7,Full RDFR-CI,0.0,1.310279614038965,0.0,0.0,human executes gate-selected recommendation after 1 h,3.212043725351405,8.5625,2.8642848538194485,8.5625
Nominal 5%,2,2,4,1.0,5/7,20,7,Playbook,20.0,22.542071447926624,70.0,10.0,autonomous a1,2.8642848538194485,8.5625,2.8642848538194485,8.5625
Nominal 5%,2,2,4,1.0,5/7,20,7,Gates-only,15.0,2.62055922807793,0.0,0.0,"autonomous where gates pass (3/4 stations), else human after 4 h",3.225614555489331,8.5625,2.8642848538194485,8.5625
Nominal 5%,2,2,4,1.0,5/7,20,7,Score-only,0.0,0.0,0.0,0.0,human executes AI recommendation a1 after 4 h,2.8642848538194485,8.5625,2.8642848538194485,8.5625
Nominal 5%,2,2,4,1.0,5/7,20,7,Full RDFR-CI,0.0,0.0,0.0,0.0,human executes gate-selected recommendation after 4 h,2.8992726195560783,8.517857142857142,2.8642848538194485,8.5625
Nominal 5%,2,2,4,0.9,5/7,20,7,Playbook,20.0,22.542071447926624,70.0,10.0,autonomous a1,2.8642848538194485,8.5625,2.8642848538194485,8.5625
Nominal 5%,2,2,4,0.9,5/7,20,7,Gates-only,15.0,4.698998654984624,4.999999999999999,0.0,"autonomous where gates pass (3/4 stations), else human after 4 h",3.225614555489331,8.5625,2.8642848538194485,8.5625
Nominal 5%,2,2,4,0.9,5/7,20,7,Score-only,0.0,2.254207144792662,6.999999999999998,0.0,human executes AI recommendation a1 after 4 h,2.8642848538194485,8.5625,2.8642848538194485,8.5625
Nominal 5%,2,2,4,0.9,5/7,20,7,Full RDFR-CI,0.0,0.26205592280779294,0.0,0.0,human executes gate-selected recommendation after 4 h,2.8992726195560783,8.517857142857142,2.8642848538194485,8.5625
Nominal 5%,2,2,4,0.5,5/7,20,7,Playbook,20.0,22.542071447926624,70.0,10.0,autonomous a1,2.8642848538194485,8.5625,2.8642848538194485,8.5625
Nominal 5%,2,2,4,0.5,5/7,20,7,Gates-only,15.0,13.012756362611402,25.0,0.0,"autonomous where gates pass (3/4 stations), else human after 4 h",3.225614555489331,8.5625,2.8642848538194485,8.5625
Nominal 5%,2,2,4,0.5,5/7,20,7,Score-only,0.0,11.271035723963312,35.0,0.0,human executes AI recommendation a1 after 4 h,2.8642848538194485,8.5625,2.8642848538194485,8.5625
Nominal 5%,2,2,4,0.5,5/7,20,7,Full RDFR-CI,0.0,1.310279614038965,0.0,0.0,human executes gate-selected recommendation after 4 h,2.8992726195560783,8.517857142857142,2.8642848538194485,8.5625
Nominal 10%,2,2,1,1.0,7/7,26,8,Playbook,26.0,29.30469288230461,91.0,13.0,autonomous a1,2.8642848538194485,8.5625,2.8642848538194485,8.5625
Nominal 10%,2,2,1,1.0,7/7,26,8,Gates-only,19.5,3.406726996501309,0.0,0.0,"autonomous where gates pass (3/4 stations), else human after 1 h",3.3511472739641874,8.5625,2.8642848538194485,8.5625
Nominal 10%,2,2,1,1.0,7/7,26,8,Score-only,0.0,0.0,0.0,0.0,human executes AI recommendation a1 after 1 h,2.8642848538194485,8.5625,2.8642848538194485,8.5625
Nominal 10%,2,2,1,1.0,7/7,26,8,Full RDFR-CI,0.0,0.0,0.0,0.0,human executes gate-selected recommendation after 1 h,3.3370763294720263,8.5625,2.8642848538194485,8.5625
Nominal 10%,2,2,1,0.9,7/7,26,8,Playbook,26.0,29.30469288230461,91.0,13.0,autonomous a1,2.8642848538194485,8.5625,2.8642848538194485,8.5625
Nominal 10%,2,2,1,0.9,7/7,26,8,Gates-only,19.5,6.108698251480011,6.499999999999999,0.0,"autonomous where gates pass (3/4 stations), else human after 1 h",3.3511472739641874,8.5625,2.8642848538194485,8.5625
Nominal 10%,2,2,1,0.9,7/7,26,8,Score-only,0.0,2.930469288230461,9.099999999999998,0.0,human executes AI recommendation a1 after 1 h,2.8642848538194485,8.5625,2.8642848538194485,8.5625
Nominal 10%,2,2,1,0.9,7/7,26,8,Full RDFR-CI,0.0,0.34067269965013086,0.0,0.0,human executes gate-selected recommendation after 1 h,3.3370763294720263,8.5625,2.8642848538194485,8.5625
Nominal 10%,2,2,1,0.5,7/7,26,8,Playbook,26.0,29.30469288230461,91.0,13.0,autonomous a1,2.8642848538194485,8.5625,2.8642848538194485,8.5625
Nominal 10%,2,2,1,0.5,7/7,26,8,Gates-only,19.5,16.91658327139482,32.5,0.0,"autonomous where gates pass (3/4 stations), else human after 1 h",3.3511472739641874,8.5625,2.8642848538194485,8.5625
Nominal 10%,2,2,1,0.5,7/7,26,8,Score-only,0.0,14.652346441152305,45.5,0.0,human executes AI recommendation a1 after 1 h,2.8642848538194485,8.5625,2.8642848538194485,8.5625
Nominal 10%,2,2,1,0.5,7/7,26,8,Full RDFR-CI,0.0,1.7033634982506545,0.0,0.0,human executes gate-selected recommendation after 1 h,3.3370763294720263,8.5625,2.8642848538194485,8.5625
Nominal 10%,2,2,4,1.0,7/7,26,8,Playbook,26.0,29.30469288230461,91.0,13.0,autonomous a1,2.8642848538194485,8.5625,2.8642848538194485,8.5625
Nominal 10%,2,2,4,1.0,7/7,26,8,Gates-only,19.5,3.406726996501309,0.0,0.0,"autonomous where gates pass (3/4 stations), else human after 4 h",3.3511472739641874,8.5625,2.8642848538194485,8.5625
Nominal 10%,2,2,4,1.0,7/7,26,8,Score-only,0.0,0.0,0.0,0.0,human executes AI recommendation a1 after 4 h,2.8642848538194485,8.5625,2.8642848538194485,8.5625
Nominal 10%,2,2,4,1.0,7/7,26,8,Full RDFR-CI,0.0,0.0,0.0,0.0,human executes gate-selected recommendation after 4 h,2.913297943732111,8.5,2.8642848538194485,8.5625
Nominal 10%,2,2,4,0.9,7/7,26,8,Playbook,26.0,29.30469288230461,91.0,13.0,autonomous a1,2.8642848538194485,8.5625,2.8642848538194485,8.5625
Nominal 10%,2,2,4,0.9,7/7,26,8,Gates-only,19.5,6.108698251480011,6.499999999999999,0.0,"autonomous where gates pass (3/4 stations), else human after 4 h",3.3511472739641874,8.5625,2.8642848538194485,8.5625
Nominal 10%,2,2,4,0.9,7/7,26,8,Score-only,0.0,2.930469288230461,9.099999999999998,0.0,human executes AI recommendation a1 after 4 h,2.8642848538194485,8.5625,2.8642848538194485,8.5625
Nominal 10%,2,2,4,0.9,7/7,26,8,Full RDFR-CI,0.0,0.34067269965013086,0.0,0.0,human executes gate-selected recommendation after 4 h,2.913297943732111,8.5,2.8642848538194485,8.5625
Nominal 10%,2,2,4,0.5,7/7,26,8,Playbook,26.0,29.30469288230461,91.0,13.0,autonomous a1,2.8642848538194485,8.5625,2.8642848538194485,8.5625
Nominal 10%,2,2,4,0.5,7/7,26,8,Gates-only,19.5,16.91658327139482,32.5,0.0,"autonomous where gates pass (3/4 stations), else human after 4 h",3.3511472739641874,8.5625,2.8642848538194485,8.5625
Nominal 10%,2,2,4,0.5,7/7,26,8,Score-only,0.0,14.652346441152305,45.5,0.0,human executes AI recommendation a1 after 4 h,2.8642848538194485,8.5625,2.8642848538194485,8.5625
Nominal 10%,2,2,4,0.5,7/7,26,8,Full RDFR-CI,0.0,1.7033634982506545,0.0,0.0,human executes gate-selected recommendation after 4 h,2.913297943732111,8.5,2.8642848538194485,8.5625
