station,action,status,negative_pressure,unserved_m3,lowp_junction_h,envelope_h,min_pressure,C_service,C_safety,C_meas,G_S,G_V,order
A1,a1,ok,False,0.12234397733135438,0.25,0.0,4.515673001468642,0.00016633774880592543,0.0,0.00016633774880592543,pass,pass,1
A1,a2,ok,False,0.014205907687873776,0.75,1.25,4.568468907838124,1.931422172213562e-05,0.052083333333333336,0.052083333333333336,fail,pass,2
A1,a3,ok,False,0.047027932170912834,2.25,0.0,4.387198052461258,6.393874499535857e-05,0.0,6.393874499535857e-05,pass,pass,3
A2,a1,ok,False,4.156878853813389,0.0,10.0,4.082036957574786,0.005651654341182437,0.4166666666666667,0.4166666666666667,fail,pass,1
A2,a2,ok,False,-6.58721301661064,0.0,15.0,4.475310323808415,0.0,0.625,0.625,fail,pass,2
A2,a3,ok,True,-33.668426489949915,-70.25,22.5,-1.3976455786418711,0.0,0.9375,0.9375,fail,pass,3
A3,a1,ok,False,0.22919145844058164,2.25,0.0,4.045832284292231,0.0003116066035625191,0.0,0.0003116066035625191,pass,pass,1
A3,a2,ok,False,0.10396388948302615,0.0,0.0,4.422519881459721,0.00014134835004487553,0.0,0.00014134835004487553,pass,pass,2
A3,a3,ok,True,7.134086199411676,19.0,0.0,-0.7761975915373824,0.00969943812586383,0.0,0.00969943812586383,pass,pass,3
A4,a1,ok,False,-1.8017655987085135,0.25,4.0,4.623582904809226,0.0,0.16666666666666666,0.16666666666666666,fail,pass,1
A4,a2,ok,False,0.17257640984364997,0.5,0.0,4.619044347475693,0.00023463330305712322,0.0,0.00023463330305712322,pass,pass,2
A4,a3,ok,False,8805.581677700915,4650.0,90.75,0.0,1.0,1.0,1.0,fail,fail,3
