partition,role,first,last,rows,hours,windows,first_window_end,last_window_end,attack_seconds,attack_episodes,timestamps_shared_with_train,identical_rows_shared_with_train,identical_values_shared_with_train
training,training,2021-07-11T10:00:00,2021-07-12T06:47:59,74880,20.8,14965,2021-07-11T10:00:59,2021-07-12T06:47:59,0,0,,,
calibration,calibration,2021-07-12T06:48:00,2021-07-12T12:00:00,18721,5.200277777777778,3733,2021-07-12T06:48:59,2021-07-12T11:59:59,0,0,,,
test1,F1 selection,2021-07-10T00:00:01,2021-07-11T00:00:00,86400,24.0,17269,2021-07-10T00:01:00,2021-07-11T00:00:00,885,7,0.0,0.0,0.0
test2,labeled held-out,2021-07-13T16:00:01,2021-07-14T15:00:00,82800,23.0,16549,2021-07-13T16:01:00,2021-07-14T15:00:00,2881,17,0.0,0.0,0.0
test3,labeled held-out,2021-07-14T17:40:01,2021-07-15T11:00:00,62400,17.333333333333332,12469,2021-07-14T17:41:00,2021-07-15T11:00:00,3841,10,0.0,0.0,0.0
test4,labeled held-out,2021-07-15T12:00:01,2021-07-17T00:00:00,129600,36.0,25909,2021-07-15T12:01:00,2021-07-17T00:00:00,4423,24,0.0,0.0,0.0
train2,later attack-free,2021-07-17T00:00:01,2021-07-19T08:00:00,201600,56.0,40309,2021-07-17T00:01:00,2021-07-19T08:00:00,0,0,0.0,0.0,0.0
train3,later attack-free,2021-07-23T18:00:01,2021-07-25T05:00:00,126000,35.0,25189,2021-07-23T18:01:00,2021-07-25T05:00:00,0,0,0.0,0.0,0.0
train4,later attack-free,2021-07-26T12:00:00,2021-07-27T12:00:00,86401,24.00027777777778,17269,2021-07-26T12:00:59,2021-07-27T11:59:59,0,0,0.0,0.0,0.0
train5,later attack-free,2021-08-02T15:00:01,2021-08-05T09:00:00,237600,66.0,47509,2021-08-02T15:01:00,2021-08-05T09:00:00,0,0,0.0,0.0,0.0
train6,later attack-free,2021-08-06T09:00:01,2021-08-09T09:00:00,259200,72.0,51829,2021-08-06T09:01:00,2021-08-09T09:00:00,0,0,0.0,0.0,0.0
