detector,seed,operating_point,test_fpr,detected,attacks,R_CI,level,later1,later1_lo,later2,later2_lo,later_pooled_segwise,later_pooled,P1,P2,P3,score_mech,gate_mech
isolation_forest,1,F1 comparator,0.06511627906976744,6,7,0.4585714285714286,2,0.06841505131128849,0.03757044108863254,0.06511627906976744,0.025716132918613216,0.0692200279273888,0.06742469579094355,,,,,
isolation_forest,1,Nominal 1%,0.016611295681063124,3,7,0.5442857142857143,1,0.018814139110604332,0.0061414408992536,0.016611295681063124,0.002999414050247458,0.003191701575902653,0.01815280271294634,False,True,,True,False
isolation_forest,1,Nominal 5%,0.061794019933554815,6,7,0.4585714285714286,2,0.06641961231470923,0.0361438553133846,0.061794019933554815,0.0238297637426393,0.024137243167763812,0.06503091960901655,False,False,True,False,False
isolation_forest,1,Nominal 10%,0.10764119601328903,6,7,0.4585714285714286,2,0.1251425313568985,0.08090918554061383,0.10764119601328903,0.052249868480828895,0.05725114701775384,0.1198882904448434,False,False,True,False,False
isolation_forest,2,F1 comparator,0.11096345514950166,6,7,0.4585714285714286,2,0.1274230330672748,0.08273727397167514,0.11096345514950166,0.05447258174608326,0.12248154797526431,0.12248154797526431,,,,,
isolation_forest,2,Nominal 1%,0.0212624584717608,3,7,0.5442857142857143,1,0.025370581527936146,0.009574675060549973,0.0212624584717608,0.0045360332525912275,0.003391182924396569,0.024137243167763812,False,True,,True,False
isolation_forest,2,Nominal 5%,0.06046511627906977,5,7,0.48714285714285716,2,0.06641961231470923,0.0361438553133846,0.06046511627906977,0.023084763167384934,0.028525832834629963,0.06463195691202872,False,False,True,False,False
isolation_forest,2,Nominal 10%,0.10365448504983389,5,7,0.48714285714285716,2,0.11972633979475485,0.07658907695600124,0.10365448504983389,0.04960701210410037,0.05485737083582685,0.11490125673249552,False,False,True,False,False
isolation_forest,3,F1 comparator,0.12757475083056477,6,7,0.4585714285714286,2,0.13312428734321552,0.08733008728348603,0.12757475083056477,0.06584216905045068,0.1324556153999601,0.13145820865749053,,,,,
isolation_forest,3,Nominal 1%,0.013289036544850499,3,7,0.5442857142857143,1,0.01653363740022805,0.005043320170124106,0.013289036544850499,0.0020447777736488024,0.0007979253939756633,0.015559545182525433,False,True,,True,False
isolation_forest,3,Nominal 5%,0.053820598006644516,5,7,0.48714285714285716,2,0.0612884834663626,0.03251763508160251,0.053820598006644516,0.019447462439217127,0.020347097546379412,0.05904647915419908,False,False,True,False,False
isolation_forest,3,Nominal 10%,0.12093023255813953,6,7,0.4585714285714286,2,0.12827822120866592,0.08342415869455136,0.12093023255813953,0.061245301497237406,0.059844404548174746,0.1260722122481548,False,False,True,False,False
isolation_forest,4,F1 comparator,0.09302325581395349,5,7,0.48714285714285716,2,0.09207525655644241,0.05507222655924071,0.09302325581395349,0.042698407406801434,0.09315778974665868,0.09235986435268302,,,,,
isolation_forest,4,Nominal 1%,0.026578073089700997,2,7,0.5728571428571428,1,0.026225769669327253,0.010048002132155797,0.026578073089700997,0.006529751756307121,0.0037901456213844005,0.026331538001196888,True,True,,True,True
isolation_forest,4,Nominal 5%,0.06046511627906977,5,7,0.48714285714285716,2,0.06071835803876853,0.03211866078604305,0.06046511627906977,0.023084763167384934,0.022142429682824656,0.06064232994215041,False,False,True,False,False
isolation_forest,4,Nominal 10%,0.11495016611295682,6,7,0.4585714285714286,2,0.11830102622576967,0.07545741383602533,0.11495016611295682,0.05716330094708294,0.05306203869938161,0.1172950329144225,False,False,True,False,False
isolation_forest,5,F1 comparator,0.08637873754152824,5,7,0.48714285714285716,2,0.10262257696693272,0.06316422217885312,0.08637873754152824,0.03849209073748619,0.09854378615599442,0.09774586076201876,,,,,
isolation_forest,5,Nominal 1%,0.021926910299003323,2,7,0.5728571428571428,1,0.025370581527936146,0.009574675060549973,0.021926910299003323,0.004772349779090551,0.002992220227408737,0.02433672451625773,False,True,,True,False
isolation_forest,5,Nominal 5%,0.05913621262458472,5,7,0.48714285714285716,2,0.06584948688711517,0.03573789591162694,0.05913621262458472,0.022345416130552395,0.025932575304209057,0.06383403151805306,False,False,True,False,False
isolation_forest,5,Nominal 10%,0.10431893687707641,6,7,0.4585714285714286,2,0.11915621436716077,0.07613614605257449,0.10431893687707641,0.050045595727112355,0.055854777578296426,0.1147017753840016,False,False,True,False,False
isolation_forest,6,F1 comparator,0.07176079734219269,5,7,0.48714285714285716,2,0.07953249714937287,0.04566899288971863,0.07176079734219269,0.029584800050116447,0.078196688609615,0.07719928186714542,,,,,
isolation_forest,6,Nominal 1%,0.020598006644518274,2,7,0.5728571428571428,1,0.021379703534777653,0.007440283119730582,0.020598006644518274,0.0043036895579354265,0.0037901456213844005,0.021145022940355078,False,True,,True,False
isolation_forest,6,Nominal 5%,0.05780730897009967,5,7,0.48714285714285716,2,0.06499429874572406,0.03513035034981138,0.05780730897009967,0.021611862711941092,0.02573309395571514,0.06283662477558348,False,False,True,False,False
isolation_forest,6,Nominal 10%,0.10498338870431893,7,7,0.43,2,0.1251425313568985,0.08090918554061383,0.10498338870431893,0.05048494358003558,0.06064232994215041,0.11909036505086774,False,False,True,False,False
isolation_forest,7,F1 comparator,0.10631229235880399,7,7,0.43,2,0.11887115165336375,0.07590981316952483,0.10631229235880399,0.05136591006603143,0.11669658886894076,0.11510073808098943,,,,,
isolation_forest,7,Nominal 1%,0.02724252491694352,4,7,0.5157142857142857,1,0.02594070695553022,0.009889644087490494,0.02724252491694352,0.0067945152889922825,0.005385996409335727,0.026331538001196888,False,True,,True,False
isolation_forest,7,Nominal 5%,0.06445182724252492,6,7,0.4585714285714286,2,0.06927023945267959,0.03818450512523949,0.06445182724252492,0.02533619460740287,0.025533612607221225,0.06782365848793138,False,False,True,False,False
isolation_forest,7,Nominal 10%,0.10963455149501661,7,7,0.43,2,0.12713797035347776,0.08250847518518963,0.10963455149501661,0.053581324548351,0.057650109714741674,0.12188310392978256,False,False,True,False,False
isolation_forest,8,F1 comparator,0.10365448504983389,7,7,0.43,2,0.11088939566704675,0.06960950276495648,0.10365448504983389,0.04960701210410037,0.1097147416716537,0.10871733492918412,,,,,
isolation_forest,8,Nominal 1%,0.019933554817275746,3,7,0.5442857142857143,1,0.02023945267958951,0.006855295648286849,0.019933554817275746,0.0040754255639253514,0.002194294833433074,0.020147616197885496,False,True,,True,False
isolation_forest,8,Nominal 5%,0.06578073089700996,6,7,0.4585714285714286,2,0.07297605473204105,0.04086324232935222,0.06578073089700996,0.026097373132206683,0.02573309395571514,0.07081587871534012,False,False,True,False,False
isolation_forest,8,Nominal 10%,0.11827242524916944,7,7,0.43,2,0.12856328392246294,0.08365328232703824,0.11827242524916944,0.05942443617240514,0.061639736684619986,0.12547376820267306,False,False,True,False,False
isolation_forest,9,F1 comparator,0.06777408637873754,5,7,0.48714285714285716,2,0.07411630558722919,0.041693093778380846,0.06777408637873754,0.027248760352661938,0.07380809894274885,0.07221224815479753,,,,,
isolation_forest,9,Nominal 1%,0.023920265780730896,3,7,0.5442857142857143,1,0.025370581527936146,0.009574675060549973,0.023920265780730896,0.005504136824754896,0.0037901456213844005,0.02493516856173948,False,True,,True,False
isolation_forest,9,Nominal 5%,0.05647840531561462,5,7,0.48714285714285716,2,0.06385404789053592,0.034322934196305076,0.05647840531561462,0.020884249323393236,0.02054657889487333,0.061639736684619986,False,False,True,False,False
isolation_forest,9,Nominal 10%,0.10897009966777409,6,7,0.4585714285714286,2,0.11944127708095781,0.0763625674006005,0.10897009966777409,0.05313677689296609,0.049471374426491126,0.11629762617195293,False,False,True,False,False
isolation_forest,10,F1 comparator,0.0691029900332226,6,7,0.4585714285714286,2,0.07611174458380844,0.043151456842628055,0.0691029900332226,0.02802260081265434,0.07500498703371235,0.07400758029124277,,,,,
isolation_forest,10,Nominal 1%,0.02458471760797342,3,7,0.5442857142857143,1,0.02451539338654504,0.00910670365344432,0.02458471760797342,0.005755366292067951,0.002593257530420906,0.024536205864751647,False,True,,True,False
isolation_forest,10,Nominal 5%,0.05847176079734219,5,7,0.48714285714285716,2,0.06670467502850627,0.036347110703134844,0.05847176079734219,0.021977906221279507,0.02194294833433074,0.06423299421504089,False,False,True,False,False
isolation_forest,10,Nominal 10%,0.10897009966777409,6,7,0.4585714285714286,2,0.1297035347776511,0.08457058137946832,0.10897009966777409,0.05313677689296609,0.05026929982046679,0.12347895471773389,False,False,True,False,False
isolation_forest,11,F1 comparator,0.07441860465116279,5,7,0.48714285714285716,2,0.08779931584948689,0.05183790769551061,0.07441860465116279,0.031165690211440736,0.0881707560343108,0.08378216636744465,,,,,
isolation_forest,11,Nominal 1%,0.019933554817275746,3,7,0.5442857142857143,1,0.02280501710376283,0.00818770534951829,0.019933554817275746,0.0040754255639253514,0.0037901456213844005,0.02194294833433074,False,True,,True,False
isolation_forest,11,Nominal 5%,0.05448504983388704,5,7,0.48714285714285716,2,0.06271379703534778,0.033518602928363596,0.05448504983388704,0.019804303773419074,0.02054657889487333,0.06024336724516258,False,False,True,False,False
isolation_forest,11,Nominal 10%,0.09900332225913622,5,7,0.48714285714285716,2,0.11858608893956671,0.07568356901050369,0.09900332225913622,0.04655880320805765,0.05385996409335727,0.11270696189906244,False,False,True,False,False
isolation_forest,12,F1 comparator,0.09501661129568106,6,7,0.4585714285714286,2,0.10575826681870011,0.06559891761297243,0.09501661129568106,0.0439776158941855,0.10791940953520845,0.10253341312587273,,,,,
isolation_forest,12,Nominal 1%,0.020598006644518274,3,7,0.5442857142857143,1,0.018244013683010263,0.005861629654128359,0.020598006644518274,0.0043036895579354265,0.0023937761819269898,0.018950728106922003,False,True,,True,False
isolation_forest,12,Nominal 5%,0.05714285714285714,5,7,0.48714285714285716,2,0.06043329532497149,0.03191948114306657,0.05714285714285714,0.021247304104841436,0.022142429682824656,0.059445441851186914,False,False,True,False,False
isolation_forest,12,Nominal 10%,0.11295681063122924,6,7,0.4585714285714286,2,0.1251425313568985,0.08090918554061383,0.11295681063122924,0.055814799167104384,0.05645322162377818,0.12148414123279473,False,False,True,False,False
isolation_forest,13,F1 comparator,0.06046511627906977,5,7,0.48714285714285716,2,0.07383124287343215,0.04148538927391096,0.06046511627906977,0.023084763167384934,0.0706163973668462,0.06981847197287054,,,,,
isolation_forest,13,Nominal 1%,0.015282392026578074,2,7,0.5728571428571428,1,0.019954389965792473,0.006710939505294989,0.015282392026578074,0.002601936516010664,0.001994813484939158,0.01855176540993417,False,True,,True,False
isolation_forest,13,Nominal 5%,0.05913621262458472,5,7,0.48714285714285716,2,0.07297605473204105,0.04086324232935222,0.05913621262458472,0.022345416130552395,0.02054657889487333,0.06882106523040096,False,False,True,False,False
isolation_forest,13,Nominal 10%,0.11029900332225914,7,7,0.43,2,0.12628278221208666,0.081822570286009,0.11029900332225914,0.05402659447827346,0.052663076002393776,0.12148414123279473,False,False,True,False,False
isolation_forest,14,F1 comparator,0.08770764119601329,7,7,0.43,2,0.09122006841505131,0.05442312003700568,0.08770764119601329,0.03932603112101901,0.09255934570117694,0.09016556951924995,,,,,
isolation_forest,14,Nominal 1%,0.02524916943521595,5,7,0.48714285714285716,2,0.023375142531356898,0.00849144755158195,0.02524916943521595,0.006010099674064705,0.005186515060841812,0.023937761819269897,False,False,,False,False
isolation_forest,14,Nominal 5%,0.061129568106312294,6,7,0.4585714285714286,2,0.06413911060433296,0.03452450172944738,0.061129568106312294,0.023456565280902314,0.023538799122282066,0.06323558747257131,False,False,True,False,False
isolation_forest,14,Nominal 10%,0.11162790697674418,7,7,0.43,2,0.1225769669327252,0.07885896825808877,0.11162790697674418,0.05491928147937847,0.05385996409335727,0.11928984639936166,False,False,True,False,False
isolation_forest,15,F1 comparator,0.07375415282392027,6,7,0.4585714285714286,2,0.08124287343215507,0.046935730732311186,0.07375415282392027,0.030768757321288545,0.07859565130660283,0.07899461400359066,,,,,
isolation_forest,15,Nominal 1%,0.023255813953488372,3,7,0.5442857142857143,1,0.023090079817559863,0.008339245123210569,0.023255813953488372,0.005256497187629369,0.001994813484939158,0.023139836425294234,False,True,,True,False
isolation_forest,15,Nominal 5%,0.06378737541528239,5,7,0.48714285714285716,2,0.06641961231470923,0.0361438553133846,0.06378737541528239,0.024957573130298796,0.022541392379812487,0.0656293636544983,False,False,True,False,False
isolation_forest,15,Nominal 10%,0.10564784053156147,6,7,0.4585714285714286,2,0.12058152793614595,0.07726913231195762,0.10564784053156147,0.05092505016681534,0.05186515060841811,0.11609814482345901,False,False,True,False,False
isolation_forest,16,F1 comparator,0.10166112956810631,6,7,0.4585714285714286,2,0.11174458380843785,0.07028102656696386,0.10166112956810631,0.048295902725237067,0.11170955515659285,0.10871733492918412,,,,,
isolation_forest,16,Nominal 1%,0.023255813953488372,3,7,0.5442857142857143,1,0.02594070695553022,0.009889644087490494,0.023255813953488372,0.005256497187629369,0.002593257530420906,0.025134649910233394,False,True,,True,False
isolation_forest,16,Nominal 5%,0.05714285714285714,6,7,0.4585714285714286,2,0.06755986316989737,0.03695796781106013,0.05714285714285714,0.021247304104841436,0.024137243167763812,0.0644324755635348,False,False,True,False,False
isolation_forest,16,Nominal 10%,0.11428571428571428,6,7,0.4585714285714286,2,0.1259977194982896,0.08159409988489258,0.11428571428571428,0.05671310980365578,0.06064232994215041,0.12248154797526431,False,False,True,False,False
isolation_forest,17,F1 comparator,0.07441860465116279,5,7,0.48714285714285716,2,0.07867730900798175,0.045037589224491956,0.07441860465116279,0.031165690211440736,0.07979253939756632,0.07739876321563934,,,,,
isolation_forest,17,Nominal 1%,0.022591362126245847,4,7,0.5157142857142857,1,0.02451539338654504,0.00910670365344432,0.022591362126245847,0.005012536993326912,0.003590664272890485,0.023937761819269897,False,True,,True,False
isolation_forest,17,Nominal 5%,0.059800664451827246,5,7,0.48714285714285716,2,0.06898517673888255,0.037979641901174574,0.059800664451827246,0.022714374345504038,0.023139836425294234,0.06622780769998005,False,False,True,False,False
isolation_forest,17,Nominal 10%,0.11096345514950166,7,7,0.43,2,0.12371721778791334,0.07976933160644381,0.11096345514950166,0.05447258174608326,0.05705166566925993,0.1198882904448434,False,False,True,False,False
isolation_forest,18,F1 comparator,0.08106312292358804,5,7,0.48714285714285716,2,0.09293044469783353,0.055722428330883846,0.08106312292358804,0.035194900340187504,0.09395571514063435,0.08936764412527429,,,,,
isolation_forest,18,Nominal 1%,0.019269102990033222,3,7,0.5442857142857143,1,0.026795895096921322,0.01036642876659763,0.019269102990033222,0.0038513531768913645,0.003391182924396569,0.024536205864751647,True,True,,True,True
isolation_forest,18,Nominal 5%,0.05714285714285714,5,7,0.48714285714285716,2,0.06755986316989737,0.03695796781106013,0.05714285714285714,0.021247304104841436,0.021344504288848994,0.0644324755635348,False,False,True,False,False
isolation_forest,18,Nominal 10%,0.10431893687707641,6,7,0.4585714285714286,2,0.12856328392246294,0.08365328232703824,0.10431893687707641,0.050045595727112355,0.0516656692599242,0.12128465988430082,False,False,True,False,False
isolation_forest,19,F1 comparator,0.11428571428571428,7,7,0.43,2,0.1322690992018244,0.08663915293767463,0.11428571428571428,0.05671310980365578,0.12846598843008178,0.12687013764213045,,,,,
isolation_forest,19,Nominal 1%,0.019933554817275746,3,7,0.5442857142857143,1,0.027366020524515394,0.01068708923980925,0.019933554817275746,0.0040754255639253514,0.003391182924396569,0.025134649910233394,True,True,,True,True
isolation_forest,19,Nominal 5%,0.06511627906976744,5,7,0.48714285714285716,2,0.07354618015963511,0.041277845340322736,0.06511627906976744,0.025716132918613216,0.02333931777378815,0.07101536006383403,False,False,True,False,False
isolation_forest,19,Nominal 10%,0.11827242524916944,7,7,0.43,2,0.13740022805017105,0.090795095901098,0.11827242524916944,0.05942443617240514,0.05784959106323559,0.13165769000598443,False,False,True,False,False
isolation_forest,20,F1 comparator,0.10365448504983389,7,7,0.43,2,0.10262257696693272,0.06316422217885312,0.10365448504983389,0.04960701210410037,0.10353081986834231,0.10293237582286056,,,,,
isolation_forest,20,Nominal 1%,0.020598006644518274,3,7,0.5442857142857143,1,0.02080957810718358,0.007146299900959385,0.020598006644518274,0.0043036895579354265,0.0013963694394574107,0.020746060243367247,False,True,,True,False
isolation_forest,20,Nominal 5%,0.0664451827242525,5,7,0.48714285714285716,2,0.0661345496009122,0.035940783383996484,0.0664451827242525,0.02647990061869257,0.021743466985836825,0.06622780769998005,False,False,True,False,False
isolation_forest,20,Nominal 10%,0.11893687707641196,7,7,0.43,2,0.12115165336374002,0.07772293892769302,0.11893687707641196,0.05987866870978287,0.05246359465389986,0.12048673449032515,False,False,True,False,False
autoencoder,1,F1 comparator,0.03255813953488372,7,7,0.43,2,0.02451539338654504,0.00910670365344432,0.03255813953488372,0.00902198973816052,0.022341911031318572,0.026929982046678635,,,,,
autoencoder,1,Nominal 1%,0.03189368770764119,7,7,0.43,2,0.02280501710376283,0.00818770534951829,0.03189368770764119,0.008733510407946045,0.006383403151805306,0.025533612607221225,False,False,,False,False
autoencoder,1,Nominal 5%,0.09568106312292358,7,7,0.43,2,0.09064994298745724,0.053990997161292485,0.09568106312292358,0.04440572762652095,0.01954917215240375,0.0921603830041891,True,True,True,False,True
autoencoder,1,Nominal 10%,0.2019933554817276,7,7,0.43,2,0.18700114025085518,0.1320810217622977,0.2019933554817276,0.12085664992244374,0.044683822062637144,0.19150209455415917,True,True,True,False,True
autoencoder,2,F1 comparator,0.020598006644518274,7,7,0.43,2,0.01767388825541619,0.0055852584640462,0.020598006644518274,0.0043036895579354265,0.015360063834031518,0.01855176540993417,,,,,
autoencoder,2,Nominal 1%,0.022591362126245847,7,7,0.43,2,0.01966932725199544,0.006567363367650944,0.022591362126245847,0.005012536993326912,0.004588071015360064,0.02054657889487333,False,False,,False,False
autoencoder,2,Nominal 5%,0.10498338870431893,7,7,0.43,2,0.08979475484606614,0.053343744747196636,0.10498338870431893,0.05048494358003558,0.018352284061440256,0.09435467783762218,True,True,True,False,True
autoencoder,2,Nominal 10%,0.2186046511627907,7,7,0.43,2,0.20125427594070697,0.14426176939178895,0.2186046511627907,0.13385085468422023,0.045481747456612806,0.20646319569120286,True,True,True,False,True
autoencoder,3,F1 comparator,0.014617940199335547,6,7,0.4585714285714286,2,0.014823261117445839,0.004259440260470149,0.014617940199335547,0.0024108416596382853,0.01436265709156194,0.01476161978854977,,,,,
autoencoder,3,Nominal 1%,0.0106312292358804,6,7,0.4585714285714286,2,0.011972633979475485,0.0030411034530455454,0.0106312292358804,0.001382488532473497,0.004388589666866148,0.011569918212647117,False,False,,False,False
autoencoder,3,Nominal 5%,0.05913621262458472,6,7,0.4585714285714286,2,0.06784492588369441,0.037161947265554995,0.05913621262458472,0.022345416130552395,0.027927388789148213,0.06523040095751047,False,False,True,False,False
autoencoder,3,Nominal 10%,0.10764119601328903,7,7,0.43,2,0.1225769669327252,0.07885896825808877,0.10764119601328903,0.052249868480828895,0.052663076002393776,0.11809295830839817,False,False,True,False,False
autoencoder,4,F1 comparator,0.030564784053156147,7,7,0.43,2,0.02594070695553022,0.009889644087490494,0.030564784053156147,0.008164863996286686,0.023538799122282066,0.027328944743666466,,,,,
autoencoder,4,Nominal 1%,0.026578073089700997,7,7,0.43,2,0.024230330672748004,0.008951940162617432,0.026578073089700997,0.006529751756307121,0.006981847197287053,0.02493516856173948,False,False,,False,False
autoencoder,4,Nominal 5%,0.10365448504983389,7,7,0.43,2,0.0943557582668187,0.05680849779872512,0.10365448504983389,0.04960701210410037,0.022142429682824656,0.09714741671653701,True,True,True,False,True
autoencoder,4,Nominal 10%,0.2059800664451827,7,7,0.43,2,0.19070695553021666,0.13523589379609696,0.2059800664451827,0.12395486940340972,0.04627967285058847,0.19529224017554359,True,True,True,False,True
autoencoder,5,F1 comparator,0.03122923588039867,7,7,0.43,2,0.02508551881413911,0.009418079171568429,0.03122923588039867,0.008447783036926546,0.024137243167763812,0.026929982046678635,,,,,
autoencoder,5,Nominal 1%,0.03255813953488372,7,7,0.43,2,0.028221208665906498,0.011172150407393642,0.03255813953488372,0.00902198973816052,0.00997406742469579,0.02952323957709954,True,True,,False,True
autoencoder,5,Nominal 5%,0.11162790697674418,7,7,0.43,2,0.10205245153933866,0.06272291843912542,0.11162790697674418,0.05491928147937847,0.025533612607221225,0.10492718930779972,True,True,True,False,True
autoencoder,5,Nominal 10%,0.226578073089701,7,7,0.43,2,0.20781071835803877,0.1499059202916507,0.226578073089701,0.14016497683306423,0.052264113305405945,0.21344504288848992,True,True,True,False,True
autoencoder,6,F1 comparator,0.0019933554817275745,7,7,0.43,2,0.0019954389965792475,0.00013199212779523538,0.0019933554817275745,6.031215913858759e-05,0.0017953321364452424,0.001994813484939158,,,,,
autoencoder,6,Nominal 1%,0.0345514950166113,7,7,0.43,2,0.03078677309007982,0.012655075125398558,0.0345514950166113,0.00990340428019227,0.009176142030720128,0.03191701575902653,True,True,,False,True
autoencoder,6,Nominal 5%,0.12425249169435217,7,7,0.43,2,0.11202964652223489,0.07050505965131612,0.12425249169435217,0.06353589794074199,0.02712946339517255,0.11569918212647118,True,True,True,False,True
autoencoder,6,Nominal 10%,0.21395348837209302,7,7,0.43,2,0.1912770809578107,0.13572202914556336,0.21395348837209302,0.13019022679150305,0.046479154199082384,0.1980849790544584,True,True,True,False,True
autoencoder,7,F1 comparator,0.03920265780730897,7,7,0.43,2,0.03677309007981756,0.016258804505392306,0.03920265780730897,0.012047014314847428,0.03231597845601436,0.037502493516856174,,,,,
autoencoder,7,Nominal 1%,0.029900332225913623,7,7,0.43,2,0.02394526795895097,0.00879780391958225,0.029900332225913623,0.00788481169258741,0.008976660682226212,0.02573309395571514,False,False,,False,False
autoencoder,7,Nominal 5%,0.11362126245847176,7,7,0.43,2,0.0943557582668187,0.05680849779872512,0.11362126245847176,0.05626360768763494,0.02533413125872731,0.10013963694394575,True,True,True,False,True
autoencoder,7,Nominal 10%,0.19667774086378736,7,7,0.43,2,0.16818700114025084,0.11620431383100202,0.19667774086378736,0.11674645608618986,0.048274486335527625,0.17674047476560942,True,True,True,False,True
autoencoder,8,F1 comparator,0.03189368770764119,7,7,0.43,2,0.02594070695553022,0.009889644087490494,0.03189368770764119,0.008733510407946045,0.02373828047077598,0.027727907440654297,,,,,
autoencoder,8,Nominal 1%,0.026578073089700997,7,7,0.43,2,0.02023945267958951,0.006855295648286849,0.026578073089700997,0.006529751756307121,0.005385996409335727,0.022142429682824656,False,False,,False,False
autoencoder,8,Nominal 5%,0.09368770764119601,7,7,0.43,2,0.08637400228050171,0.05076617423434107,0.09368770764119601,0.043123948921015426,0.017354877318970677,0.08856971873129862,True,True,True,False,True
autoencoder,8,Nominal 10%,0.20398671096345514,7,7,0.43,2,0.19384264538198404,0.13791214737416335,0.20398671096345514,0.12240411149606094,0.04049471374426491,0.1968880909634949,True,True,True,False,True
autoencoder,9,F1 comparator,0.016611295681063124,6,7,0.4585714285714286,2,0.01539338654503991,0.004516669670615481,0.016611295681063124,0.002999414050247458,0.015559545182525433,0.01575902653101935,,,,,
autoencoder,9,Nominal 1%,0.012624584717607974,6,7,0.4585714285714286,2,0.01225769669327252,0.0031574498078726747,0.012624584717607974,0.001870173027551797,0.0037901456213844005,0.012367843606622781,False,False,,False,False
autoencoder,9,Nominal 5%,0.05448504983388704,7,7,0.43,2,0.06641961231470923,0.0361438553133846,0.05448504983388704,0.019804303773419074,0.02673050069818472,0.06283662477558348,False,False,True,False,False
autoencoder,9,Nominal 10%,0.10830564784053157,7,7,0.43,2,0.12428734321550741,0.08022502129357557,0.10830564784053157,0.05269295651420873,0.060841811290644324,0.11948932774785558,False,False,True,False,False
autoencoder,10,F1 comparator,0.022591362126245847,7,7,0.43,2,0.02080957810718358,0.007146299900959385,0.022591362126245847,0.005012536993326912,0.018950728106922003,0.021344504288848994,,,,,
autoencoder,10,Nominal 1%,0.025913621262458473,7,7,0.43,2,0.02280501710376283,0.00818770534951829,0.025913621262458473,0.006268254541594978,0.007580291242768801,0.02373828047077598,False,False,,False,False
autoencoder,10,Nominal 5%,0.11096345514950166,7,7,0.43,2,0.10347776510832384,0.06382697429482367,0.11096345514950166,0.05447258174608326,0.02712946339517255,0.10572511470177538,True,True,True,False,True
autoencoder,10,Nominal 10%,0.2053156146179402,7,7,0.43,2,0.18529076396807298,0.1306278890008153,0.2053156146179402,0.12343758585892445,0.04727707959305805,0.19130261320566527,True,True,True,False,True
autoencoder,11,F1 comparator,0.026578073089700997,7,7,0.43,2,0.021094640820980615,0.007292924764762614,0.026578073089700997,0.006529751756307121,0.019150209455415918,0.022740873728306403,,,,,
autoencoder,11,Nominal 1%,0.030564784053156147,7,7,0.43,2,0.02565564424173318,0.009731865909094566,0.030564784053156147,0.008164863996286686,0.005385996409335727,0.02712946339517255,False,False,,False,False
autoencoder,11,Nominal 5%,0.11162790697674418,7,7,0.43,2,0.09891676168757127,0.060303483645018995,0.11162790697674418,0.05491928147937847,0.02294035507680032,0.10273289447436665,True,True,True,False,True
autoencoder,11,Nominal 10%,0.2,7,7,0.43,2,0.1807297605473204,0.1267621975762211,0.2,0.1193125178766301,0.050867743865948535,0.1865150608418113,True,True,True,False,True
autoencoder,12,F1 comparator,0.023255813953488372,7,7,0.43,2,0.018814139110604332,0.0061414408992536,0.023255813953488372,0.005256497187629369,0.015160582485537602,0.020147616197885496,,,,,
autoencoder,12,Nominal 1%,0.026578073089700997,7,7,0.43,2,0.02508551881413911,0.009418079171568429,0.026578073089700997,0.006529751756307121,0.005186515060841812,0.025533612607221225,False,False,,False,False
autoencoder,12,Nominal 5%,0.10830564784053157,7,7,0.43,2,0.09378563283922463,0.05637371277517007,0.10830564784053157,0.05269295651420873,0.017354877318970677,0.09814482345900659,True,True,True,False,True
autoencoder,12,Nominal 10%,0.20066445182724252,7,7,0.43,2,0.18700114025085518,0.1320810217622977,0.20066445182724252,0.11982685652980525,0.041891083183722325,0.19110313185717134,True,True,True,False,True
autoencoder,13,F1 comparator,0.030564784053156147,7,7,0.43,2,0.02708095781071836,0.010526483215504732,0.030564784053156147,0.008164863996286686,0.022341911031318572,0.028126870137642132,,,,,
autoencoder,13,Nominal 1%,0.02458471760797342,7,7,0.43,2,0.023375142531356898,0.00849144755158195,0.02458471760797342,0.005755366292067951,0.006582884500299222,0.02373828047077598,False,False,,False,False
autoencoder,13,Nominal 5%,0.11893687707641196,7,7,0.43,2,0.10832383124287344,0.06760018217606115,0.11893687707641196,0.05987866870978287,0.019748653500897665,0.11151007380809894,True,True,True,False,True
autoencoder,13,Nominal 10%,0.22790697674418606,7,7,0.43,2,0.19897377423033066,0.14230451173687042,0.22790697674418606,0.14122199313039982,0.0440853780171554,0.20766008378216635,True,True,True,False,True
autoencoder,14,F1 comparator,0.023255813953488372,7,7,0.43,2,0.014253135689851768,0.004006487617619299,0.023255813953488372,0.005256497187629369,0.013963694394574106,0.016955914621982846,,,,,
autoencoder,14,Nominal 1%,0.03122923588039867,7,7,0.43,2,0.028506271379703536,0.011334897053060254,0.03122923588039867,0.008447783036926546,0.00718132854578097,0.029323758228605626,True,True,,False,True
autoencoder,14,Nominal 5%,0.09036544850498339,7,7,0.43,2,0.08865450399087799,0.05248250187350007,0.09036544850498339,0.04100501956846045,0.021344504288848994,0.08916816277678037,True,True,True,False,True
autoencoder,14,Nominal 10%,0.19069767441860466,7,7,0.43,2,0.1807297605473204,0.1267621975762211,0.19069767441860466,0.11215161292982213,0.04428485936564931,0.18372232196289648,True,True,True,False,True
autoencoder,15,F1 comparator,0.04318936877076412,7,7,0.43,2,0.03164196123147092,0.01315811645410805,0.04318936877076412,0.013972495055884777,0.028126870137642132,0.035108717334929186,,,,,
autoencoder,15,Nominal 1%,0.029235880398671095,7,7,0.43,2,0.025370581527936146,0.009574675060549973,0.029235880398671095,0.007607686672588078,0.006582884500299222,0.026531019349690804,False,False,,False,False
autoencoder,15,Nominal 5%,0.09568106312292358,7,7,0.43,2,0.09093500570125428,0.054206996797879964,0.09568106312292358,0.04440572762652095,0.018751246758428087,0.09235986435268302,True,True,True,False,True
autoencoder,15,Nominal 10%,0.2106312292358804,7,7,0.43,2,0.19327251995438996,0.1374251013315605,0.2106312292358804,0.12758594282080887,0.0440853780171554,0.19848394175144624,True,True,True,False,True
autoencoder,16,F1 comparator,0.036544850498338874,7,7,0.43,2,0.028506271379703536,0.011334897053060254,0.036544850498338874,0.010807732976009878,0.02533413125872731,0.03091960901655695,,,,,
autoencoder,16,Nominal 1%,0.0212624584717608,7,7,0.43,2,0.020524515393386546,0.007000419705259921,0.0212624584717608,0.0045360332525912275,0.005385996409335727,0.020746060243367247,False,False,,False,False
autoencoder,16,Nominal 5%,0.11362126245847176,7,7,0.43,2,0.10176738882554162,0.06250242697269333,0.11362126245847176,0.05626360768763494,0.020945541591861162,0.10532615200478755,True,True,True,False,True
autoencoder,16,Nominal 10%,0.2186046511627907,7,7,0.43,2,0.1895667046750285,0.13426423637120358,0.2186046511627907,0.13385085468422023,0.04568122880510672,0.19828446040295233,True,True,True,False,True
autoencoder,17,F1 comparator,0.0053156146179402,7,7,0.43,2,0.002565564424173318,0.00021078870091294222,0.0053156146179402,0.00039149230317683803,0.0023937761819269898,0.003391182924396569,,,,,
autoencoder,17,Nominal 1%,0.027906976744186046,7,7,0.43,2,0.029646522234891677,0.011991017726930411,0.027906976744186046,0.007062472050638743,0.007779772591262717,0.02912427688011171,True,True,,False,True
autoencoder,17,Nominal 5%,0.10033222591362126,7,7,0.43,2,0.10233751425313568,0.06294351696443304,0.10033222591362126,0.047425755209449555,0.025134649910233394,0.10173548773189707,True,True,True,False,True
autoencoder,17,Nominal 10%,0.18538205980066444,7,7,0.43,2,0.1944127708095781,0.13839939399769252,0.18538205980066444,0.10809397590130125,0.04627967285058847,0.1917015759026531,True,True,True,False,True
autoencoder,18,F1 comparator,0.02524916943521595,7,7,0.43,2,0.019954389965792473,0.006710939505294989,0.02524916943521595,0.006010099674064705,0.016357470576501096,0.02154398563734291,,,,,
autoencoder,18,Nominal 1%,0.03255813953488372,7,7,0.43,2,0.02594070695553022,0.009889644087490494,0.03255813953488372,0.00902198973816052,0.007779772591262717,0.027927388789148213,False,False,,False,False
autoencoder,18,Nominal 5%,0.11694352159468438,7,7,0.43,2,0.10490307867730901,0.0649336611083419,0.11694352159468438,0.05851796371978525,0.023937761819269897,0.1085178535806902,True,True,True,False,True
autoencoder,18,Nominal 10%,0.2106312292358804,7,7,0.43,2,0.19327251995438996,0.1374251013315605,0.2106312292358804,0.12758594282080887,0.04767604229004588,0.19848394175144624,True,True,True,False,True
autoencoder,19,F1 comparator,0.017940199335548173,7,7,0.43,2,0.013968072976054732,0.003881668792253188,0.017940199335548173,0.003416258106941565,0.012567324955116697,0.015160582485537602,,,,,
autoencoder,19,Nominal 1%,0.03255813953488372,7,7,0.43,2,0.027936145952109463,0.011009929334459528,0.03255813953488372,0.00902198973816052,0.005984440454817474,0.029323758228605626,True,True,,False,True
autoencoder,19,Nominal 5%,0.10631229235880399,7,7,0.43,2,0.09321550741163055,0.05593940346206482,0.10631229235880399,0.05136591006603143,0.02712946339517255,0.09714741671653701,True,True,True,False,True
autoencoder,19,Nominal 10%,0.18870431893687709,7,7,0.43,2,0.16505131128848347,0.11358226272762918,0.18870431893687709,0.1106270147713618,0.04767604229004588,0.17215240375024934,True,True,True,False,True
autoencoder,20,F1 comparator,0.021926910299003323,7,7,0.43,2,0.022519954389965794,0.008036837619397205,0.021926910299003323,0.004772349779090551,0.01775384001595851,0.022341911031318572,,,,,
autoencoder,20,Nominal 1%,0.03122923588039867,7,7,0.43,2,0.033922462941847205,0.014519406863750535,0.03122923588039867,0.008447783036926546,0.007380809894274885,0.03311390384999002,True,True,,False,True
autoencoder,20,Nominal 5%,0.11029900332225914,7,7,0.43,2,0.10718358038768529,0.06670972260766883,0.11029900332225914,0.05402659447827346,0.02573309395571514,0.10811889088370237,True,True,True,False,True
autoencoder,20,Nominal 10%,0.1893687707641196,7,7,0.43,2,0.1733181299885975,0.1205102177641541,0.1893687707641196,0.11113481918263697,0.047875523638539794,0.1781368442050668,True,True,True,False,True
