variant,operating_point,partition,threshold,cal_rate_pct,attack_free_windows,n_eff,attack_free_hours,fpr_pct,wilson_lo,wilson_hi,mbb_lo,mbb_hi,episodes,cp_lo,cp_hi,point_recall,median_delay_s,false_alarm_episodes,alarms_per_hour,D,R_CI,level,R_CI_at_lower_recall,level_at_lower_recall,boot_level_freq
training_statistics_eq14,F1 comparator,heldout_test3,0.9799774094386605,0.23177656738903696,12548,1045,17.427777777777777,1.0678992668154288,0.5997620654358532,1.8944712886261827,0.5079365079365079,1.7777777777777777,7/8,0.4734903291247935,0.9968402764687481,0.5993485342019544,17.0,20,1.1475932419509085,0.125,0.455,2,0.5353019341750413,1,"{""1"": 0.0689, ""2"": 0.9311}"
training_statistics_eq14,F1 comparator,heldout_test4,0.9799774094386605,0.23177656738903696,7619,634,10.581944444444444,1.6537603360021,0.9132804477988458,2.9765795696221136,0.6167979002624672,3.005249343832021,4/5,0.28358206388191054,0.9949492366205319,0.7575757575757576,31.5,13,1.2285076781729887,0.19999999999999996,0.47,2,0.5732835872236179,1,"{""1"": 0.2586, ""2"": 0.7414000000000001}"
training_statistics_eq14,F1 comparator,heldout_test5,0.9799774094386605,0.23177656738903696,17892,1491,24.85,1.1792980102839257,0.7433103071912112,1.866205588771092,0.7134894091415831,1.73355629877369,11/12,0.6152038348490559,0.9978924067681397,0.6367816091954023,30.0,35,1.408450704225352,0.08333333333333337,0.44666666666666666,2,0.5069592330301889,1,"{""1"": 0.0024000000000000002, ""2"": 0.9976}"
training_statistics_eq14,F1 comparator,heldout_pooled,0.9799774094386605,0.23177656738903696,38059,3171,52.859722222222224,1.2375522215507502,0.9074929041432414,1.6856136109147843,0.8713910761154856,1.669291338582677,22/25,0.6878096927137647,0.9745346033522668,0.6536485097636177,27.0,68,1.286423710554665,0.12,0.454,2,0.49243806145724706,2,"{""1"": 0.0019, ""2"": 0.9980999999999999}"
training_statistics_eq14,F1 comparator,f1sel_pooled,0.9799774094386605,0.23177656738903696,31269,2605,43.42916666666667,0.505292781988551,0.296501317632281,0.8598438738434204,0.2554278416347382,0.7982120051085568,12/25,0.2779680096699466,0.6869429555429676,0.3682266009852217,44.5,21,0.48354600402955,0.52,0.534,1,0.5744063980660107,1,"{""1"": 0.9662, ""2"": 0.03379999999999999}"
training_statistics_eq14,F1 comparator,test3_full_uncorrected,0.9799774094386605,0.23177656738903696,21188,1765,29.427777777777777,0.7409854634698886,0.43423085157998276,1.261695345286827,0.4001883239171375,1.172316384180791,6/8,0.34914420558717585,0.9681459737500557,0.6,15.0,25,0.8495374740419105,0.25,0.48,2,0.5601711588825649,1,"{""1"": 0.3265, ""2"": 0.6735}"
training_statistics_eq14,Nominal 1%,heldout_test3,0.9594702381307174,0.9966392397728588,12548,1045,17.427777777777777,3.259483583041122,2.3424627955125907,4.518885514189988,2.1825396825396823,4.420634920634921,8/8,0.6305833524471808,1.0,0.7133550488599348,8.0,42,2.409945808096908,0.0,0.43,2,0.5038833295105638,1,"{""2"": 1.0}"
training_statistics_eq14,Nominal 1%,heldout_test4,0.9594702381307174,0.9966392397728588,7619,634,10.581944444444444,2.8218926368289803,1.7898642101669555,4.422190040578161,1.1154855643044619,4.659120734908132,4/5,0.28358206388191054,0.9949492366205319,0.7922077922077922,27.5,18,1.701010631316446,0.19999999999999996,0.47,2,0.5732835872236179,1,"{""1"": 0.2659, ""2"": 0.7341}"
training_statistics_eq14,Nominal 1%,heldout_test5,0.9594702381307174,0.9966392397728588,17892,1491,24.85,3.319919517102616,2.523787666769318,4.355969260886913,2.3522853957636567,4.403567447045708,11/12,0.6152038348490559,0.9978924067681397,0.7172413793103448,26.0,70,2.816901408450704,0.08333333333333337,0.44666666666666666,2,0.5069592330301889,1,"{""1"": 0.0017000000000000001, ""2"": 0.9983000000000001}"
training_statistics_eq14,Nominal 1%,heldout_pooled,0.9594702381307174,0.9966392397728588,38059,3171,52.859722222222224,3.2002942799337872,2.6420710799502474,3.8717698389255255,2.506561679790026,3.960629921259842,23/25,0.7396941578947858,0.9901604099812025,0.7338129496402878,26.0,130,2.4593394466486243,0.07999999999999996,0.446,2,0.48206116842104285,2,"{""1"": 0.0002, ""2"": 0.9998}"
training_statistics_eq14,Nominal 1%,f1sel_pooled,0.9594702381307174,0.9966392397728588,31269,2605,43.42916666666667,1.2120630656560811,0.8579078867598927,1.709896466198306,0.7630906768837803,1.7369093231162196,13/25,0.31305704445703236,0.7220319903300534,0.41995073891625617,43.0,39,0.8980140074834501,0.48,0.526,1,0.5673885911085935,1,"{""1"": 0.9244000000000001, ""2"": 0.07560000000000001}"
training_statistics_eq14,Nominal 1%,test3_full_uncorrected,0.9594702381307174,0.9966392397728588,21188,1765,29.427777777777777,2.2748725693788936,1.6759905093063772,3.081047499960384,1.6101694915254237,3.0225988700564974,8/8,0.6305833524471808,1.0,0.7081967213114754,11.0,53,1.8010194449688504,0.0,0.43,2,0.5038833295105638,1,"{""2"": 1.0}"
training_statistics_eq14,Nominal 5%,heldout_test3,0.9108681498849791,4.994785027233747,12548,1045,17.427777777777777,9.603124003825311,7.961850721906813,11.540310332122578,7.285714285714286,11.571428571428571,8/8,0.6305833524471808,1.0,0.8697068403908795,4.0,96,5.508447561364361,0.0,0.43,2,0.5038833295105638,1,"{""2"": 1.0}"
training_statistics_eq14,Nominal 5%,heldout_test4,0.9108681498849791,4.994785027233747,7619,634,10.581944444444444,6.181913636960231,4.558327786012168,8.333296394294571,3.503937007874016,8.75360892388451,4/5,0.28358206388191054,0.9949492366205319,0.8051948051948052,25.0,39,3.685523034518966,0.19999999999999996,0.47,2,0.5732835872236179,1,"{""1"": 0.26639999999999997, ""2"": 0.7336}"
training_statistics_eq14,Nominal 5%,heldout_test5,0.9108681498849791,4.994785027233747,17892,1491,24.85,10.742231164766377,9.270162686056757,12.41606967264264,8.58974358974359,13.054626532887404,11/12,0.6152038348490559,0.9978924067681397,0.7931034482758621,15.0,130,5.231388329979879,0.08333333333333337,0.44666666666666666,2,0.5069592330301889,1,"{""1"": 0.0018, ""2"": 0.9982}"
training_statistics_eq14,Nominal 5%,heldout_pooled,0.9108681498849791,4.994785027233747,38059,3171,52.859722222222224,9.453742872907855,8.483910373417359,10.521694777166896,8.083989501312336,10.847769028871392,23/25,0.7396941578947858,0.9901604099812025,0.8201438848920863,15.0,265,5.013268872014503,0.07999999999999996,0.446,2,0.48206116842104285,2,"{""2"": 1.0}"
training_statistics_eq14,Nominal 5%,f1sel_pooled,0.9108681498849791,4.994785027233747,31269,2605,43.42916666666667,3.393136972720586,2.763632609827602,4.159896395307354,2.4616060025542783,4.422174329501915,17/25,0.4649992825026276,0.8505045773864304,0.49507389162561577,43.0,94,2.1644440180370337,0.31999999999999995,0.494,2,0.5370001434994744,1,"{""1"": 0.41600000000000004, ""2"": 0.5839999999999999}"
training_statistics_eq14,Nominal 5%,test3_full_uncorrected,0.9108681498849791,4.994785027233747,21188,1765,29.427777777777777,7.834623371719841,6.670585812072334,9.181805166447173,6.247645951035782,9.439736346516007,8/8,0.6305833524471808,1.0,0.8754098360655738,5.5,132,4.485557862941287,0.0,0.43,2,0.5038833295105638,1,"{""2"": 1.0}"
training_statistics_eq14,Nominal 10%,heldout_test3,0.8610645861107483,9.989570054467494,12548,1045,17.427777777777777,17.452980554670066,15.272001956887824,19.87237084734497,14.261904761904761,20.41269841269841,8/8,0.6305833524471808,1.0,0.9543973941368078,4.0,142,8.14791201785145,0.0,0.43,2,0.5038833295105638,1,"{""2"": 1.0}"
training_statistics_eq14,Nominal 10%,heldout_test4,0.8610645861107483,9.989570054467494,7619,634,10.581944444444444,11.09069431683948,8.876849138888424,13.773209235387245,7.545931758530183,14.566929133858267,5/5,0.47817624989501856,1.0,0.8268398268398268,22.0,57,5.386533665835412,0.0,0.43,2,0.5343647500209963,1,"{""2"": 1.0}"
training_statistics_eq14,Nominal 10%,heldout_test5,0.8610645861107483,9.989570054467494,17892,1491,24.85,19.06997540800358,17.156373621708443,21.142545779351142,16.14813266443701,22.38029542920847,11/12,0.6152038348490559,0.9978924067681397,0.8436781609195402,14.0,154,6.197183098591549,0.08333333333333337,0.44666666666666666,2,0.5069592330301889,1,"{""1"": 0.0017000000000000001, ""2"": 0.9983000000000001}"
training_statistics_eq14,Nominal 10%,heldout_pooled,0.8610645861107483,9.989570054467494,38059,3171,52.859722222222224,16.939488688615047,15.67410614632763,18.284875599272375,15.026115485564304,18.96594488188976,24/25,0.796483086077586,0.9989878003006891,0.8746145940390545,14.0,353,6.678052497438188,0.040000000000000036,0.438,2,0.4707033827844828,2,"{""2"": 1.0}"
training_statistics_eq14,Nominal 10%,f1sel_pooled,0.8610645861107483,9.989570054467494,31269,2605,43.42916666666667,6.856631168249703,5.948339491351256,7.8919780743517745,5.526819923371647,8.266363346104724,20/25,0.5929625677213227,0.931688535987516,0.5701970443349754,38.5,177,4.07560203396335,0.19999999999999996,0.47,2,0.5114074864557354,1,"{""1"": 0.0487, ""2"": 0.9513000000000001}"
training_statistics_eq14,Nominal 10%,test3_full_uncorrected,0.8610645861107483,9.989570054467494,21188,1765,29.427777777777777,14.62620351142156,13.054469741691715,16.351582461577113,12.339924670433145,16.9633945386064,8/8,0.6305833524471808,1.0,0.9540983606557377,3.5,211,7.170096280913725,0.0,0.43,2,0.5038833295105638,1,"{""2"": 1.0}"
segment_wise_v1_3_0,F1 comparator,heldout_test3,0.9708450308431076,0.6257967319503999,12548,1045,17.427777777777777,0.940388906598661,0.5089498562928538,1.7311968094410046,0.3888888888888889,1.6271825396825368,6/8,0.34914420558717585,0.9681459737500557,0.5635179153094463,18.0,18,1.0328339177558177,0.25,0.48,2,0.5601711588825649,1,"{""1"": 0.3149, ""2"": 0.6851}"
segment_wise_v1_3_0,F1 comparator,heldout_test4,0.9708450308431076,0.6257967319503999,7619,634,10.581944444444444,2.008137550859693,1.1708186753493748,3.423527233080037,0.7611548556430446,3.530183727034121,4/5,0.28358206388191054,0.9949492366205319,0.7748917748917749,31.5,13,1.2285076781729887,0.19999999999999996,0.47,2,0.5732835872236179,1,"{""1"": 0.2645, ""2"": 0.7355}"
segment_wise_v1_3_0,F1 comparator,heldout_test5,0.9708450308431076,0.6257967319503999,17892,1491,24.85,0.39123630672926446,0.177547839977494,0.8598949868755569,0.15050167224080266,0.7134894091415831,9/12,0.4281415381218109,0.9451393554720072,0.5080459770114942,36.0,13,0.5231388329979879,0.25,0.48,2,0.5443716923756379,1,"{""1"": 0.1597, ""2"": 0.8402999999999999}"
segment_wise_v1_3_0,F1 comparator,heldout_pooled,0.9708450308431076,0.6257967319503999,38059,3171,52.859722222222224,0.8959772984051078,0.6222712619242371,1.2885119967799639,0.5511154855643045,1.2965879265091862,19/25,0.5487119821833135,0.9064355606682571,0.5889003083247688,29.0,44,0.8323918127118421,0.24,0.478,2,0.5202576035633373,1,"{""1"": 0.1277, ""2"": 0.8723}"
segment_wise_v1_3_0,F1 comparator,f1sel_pooled,0.9708450308431076,0.6257967319503999,31269,2605,43.42916666666667,0.9722088969906296,0.6610273858703948,1.4277749892091278,0.5491698595146871,1.4974457215836525,14/25,0.3492816339913358,0.7559763348527919,0.41995073891625617,40.5,29,0.6677540055646167,0.43999999999999995,0.518,1,0.5601436732017329,1,"{""1"": 0.8395000000000001, ""2"": 0.1605}"
segment_wise_v1_3_0,F1 comparator,test3_full_uncorrected,0.9708450308431076,0.6257967319503999,21188,1765,29.427777777777777,0.6843496318670945,0.39260668338364424,1.1902938465637825,0.3483992467043315,1.115819209039548,6/8,0.34914420558717585,0.9681459737500557,0.5868852459016394,15.0,24,0.8155559750802341,0.25,0.48,2,0.5601711588825649,1,"{""1"": 0.3185, ""2"": 0.6815}"
segment_wise_v1_3_0,Nominal 1%,heldout_test3,0.9617445848315705,0.9966392397728588,12548,1045,17.427777777777777,1.2033790245457443,0.6984454786365101,2.065754981774214,0.6111111111111112,1.9285714285714284,7/8,0.4734903291247935,0.9968402764687481,0.6254071661237784,15.0,21,1.204972904048454,0.125,0.455,2,0.5353019341750413,1,"{""1"": 0.06520000000000001, ""2"": 0.9348000000000001}"
segment_wise_v1_3_0,Nominal 1%,heldout_test4,0.9617445848315705,0.9966392397728588,7619,634,10.581944444444444,2.3625147657172856,1.436343954671873,3.8624878447659903,0.905511811023622,4.028871391076116,4/5,0.28358206388191054,0.9949492366205319,0.7878787878787878,30.0,14,1.32300826880168,0.19999999999999996,0.47,2,0.5732835872236179,1,"{""1"": 0.2602, ""2"": 0.7398}"
segment_wise_v1_3_0,Nominal 1%,heldout_test5,0.9617445848315705,0.9966392397728588,17892,1491,24.85,0.5924435501900291,0.31018591481841873,1.1286372701050795,0.28428093645484953,0.9643255295429208,10/12,0.515862251314033,0.9791374745399076,0.5540229885057472,38.0,18,0.7243460764587525,0.16666666666666663,0.4633333333333333,2,0.5268275497371934,1,"{""1"": 0.0354, ""2"": 0.9646000000000001}"
segment_wise_v1_3_0,Nominal 1%,heldout_pooled,0.9617445848315705,0.9966392397728588,38059,3171,52.859722222222224,1.1482172416511207,0.8320539941008605,1.5825987462184727,0.7506561679790027,1.6063648293963246,21/25,0.6391715455407279,0.9546205476282904,0.632065775950668,28.0,53,1.0026537744029007,0.16000000000000003,0.462,2,0.5021656908918544,1,"{""1"": 0.0119, ""2"": 0.9881000000000001}"
segment_wise_v1_3_0,Nominal 1%,f1sel_pooled,0.9617445848315705,0.9966392397728588,31269,2605,43.42916666666667,1.339985288944322,0.9646464975923266,1.8586255769011655,0.8045977011494253,1.9604086845466155,14/25,0.3492816339913358,0.7559763348527919,0.4421182266009852,38.5,40,0.9210400076753333,0.43999999999999995,0.518,1,0.5601436732017329,1,"{""1"": 0.8463999999999999, ""2"": 0.15360000000000001}"
segment_wise_v1_3_0,Nominal 1%,test3_full_uncorrected,0.9617445848315705,0.9966392397728588,21188,1765,29.427777777777777,0.9297715688125353,0.5765553467893956,1.4961230731420236,0.5414312617702448,1.393596986817326,6/8,0.34914420558717585,0.9681459737500557,0.6327868852459017,15.0,26,0.883518973003587,0.25,0.48,2,0.5601711588825649,1,"{""1"": 0.3145, ""2"": 0.6855}"
segment_wise_v1_3_0,Nominal 5%,heldout_test3,0.9022279134772768,4.994785027233747,12548,1045,17.427777777777777,4.478801402613962,3.3827034868993784,5.908348779941394,3.1269841269841265,5.841269841269842,8/8,0.6305833524471808,1.0,0.762214983713355,8.0,57,3.2706407395600894,0.0,0.43,2,0.5038833295105638,1,"{""2"": 1.0}"
segment_wise_v1_3_0,Nominal 5%,heldout_test4,0.9022279134772768,4.994785027233747,7619,634,10.581944444444444,5.276282976768605,3.7899087905112925,7.301362557218289,2.8346456692913384,7.821850393700783,4/5,0.28358206388191054,0.9949492366205319,0.8008658008658008,25.0,34,3.2130200813755088,0.19999999999999996,0.47,2,0.5732835872236179,1,"{""1"": 0.2681, ""2"": 0.7319}"
segment_wise_v1_3_0,Nominal 5%,heldout_test5,0.9022279134772768,4.994785027233747,17892,1491,24.85,2.5709814442208807,1.8813462379507846,3.5043838013321125,1.7891583054626534,3.4894091415830544,11/12,0.6152038348490559,0.9978924067681397,0.6873563218390805,26.0,60,2.414486921529175,0.08333333333333337,0.44666666666666666,2,0.5069592330301889,1,"{""1"": 0.0013, ""2"": 0.9987}"
segment_wise_v1_3_0,Nominal 5%,heldout_pooled,0.9022279134772768,4.994785027233747,38059,3171,52.859722222222224,3.7415591581491894,3.1350267935641476,4.460034054610762,2.989501312335958,4.561679790026247,23/25,0.7396941578947858,0.9901604099812025,0.7379239465570401,24.0,151,2.8566173572610944,0.07999999999999996,0.446,2,0.48206116842104285,2,"{""2"": 1.0}"
segment_wise_v1_3_0,Nominal 5%,f1sel_pooled,0.9022279134772768,4.994785027233747,31269,2605,43.42916666666667,3.79929003166075,3.130563055558562,4.60407596545095,2.9086845466155813,4.808508939974456,19/25,0.5487119821833135,0.9064355606682571,0.5689655172413793,39.0,119,2.740094022834117,0.24,0.478,2,0.5202576035633373,1,"{""1"": 0.1201, ""2"": 0.8799000000000001}"
segment_wise_v1_3_0,Nominal 5%,test3_full_uncorrected,0.9022279134772768,4.994785027233747,21188,1765,29.427777777777777,4.063620917500472,3.237854621193888,5.088910701610047,3.0602636534839927,5.098870056497176,8/8,0.6305833524471808,1.0,0.7901639344262295,8.0,93,3.160279403435907,0.0,0.43,2,0.5038833295105638,1,"{""2"": 1.0}"
segment_wise_v1_3_0,Nominal 10%,heldout_test3,0.8355604467249556,9.989570054467494,12548,1045,17.427777777777777,8.973541600255022,7.387636523222556,10.85997150718646,6.769841269841271,10.984126984126984,8/8,0.6305833524471808,1.0,0.8599348534201955,4.0,91,5.221549250876634,0.0,0.43,2,0.5038833295105638,1,"{""2"": 1.0}"
segment_wise_v1_3_0,Nominal 10%,heldout_test4,0.8355604467249556,9.989570054467494,7619,634,10.581944444444444,10.080063000393752,7.971724910729808,12.669244070669903,6.640091863517061,13.346784776902881,4/5,0.28358206388191054,0.9949492366205319,0.8225108225108225,20.0,54,5.103031893949337,0.19999999999999996,0.47,2,0.5732835872236179,1,"{""1"": 0.2604, ""2"": 0.7396}"
segment_wise_v1_3_0,Nominal 10%,heldout_test5,0.8355604467249556,9.989570054467494,17892,1491,24.85,6.673373574782025,5.514721276971983,8.054708285191701,5.089046822742476,8.394648829431437,11/12,0.6152038348490559,0.9978924067681397,0.7563218390804598,20.0,104,4.185110663983903,0.08333333333333337,0.44666666666666666,2,0.5069592330301889,1,"{""1"": 0.0022, ""2"": 0.9978}"
segment_wise_v1_3_0,Nominal 10%,heldout_pooled,0.8355604467249556,9.989570054467494,38059,3171,52.859722222222224,8.11371817441341,7.213269456647319,9.115529072856548,6.871391076115485,9.351706036745407,23/25,0.7396941578947858,0.9901604099812025,0.8047276464542652,18.0,249,4.710580940119288,0.07999999999999996,0.446,2,0.48206116842104285,2,"{""1"": 0.0001, ""2"": 0.9999000000000001}"
segment_wise_v1_3_0,Nominal 10%,f1sel_pooled,0.8355604467249556,9.989570054467494,31269,2605,43.42916666666667,7.784067287089449,6.8162631741089985,8.876195372724913,6.430395913154534,9.268837803320562,21/25,0.6391715455407279,0.9546205476282904,0.6403940886699507,23.0,201,4.62822603856855,0.16000000000000003,0.462,2,0.5021656908918544,1,"{""1"": 0.0156, ""2"": 0.9844}"
segment_wise_v1_3_0,Nominal 10%,test3_full_uncorrected,0.8355604467249556,9.989570054467494,21188,1765,29.427777777777777,8.66056258259392,7.436562126804916,10.064119827622257,6.972693032015067,10.357815442561206,8/8,0.6305833524471808,1.0,0.8950819672131147,5.5,137,4.655465357749669,0.0,0.43,2,0.5038833295105638,1,"{""2"": 1.0}"
