seed,operating_point,partition,fpr_pct,wilson_lo,episodes_detected,episodes
1,F1 comparator,heldout_test3,1.1316544469238126,0.645941772125137,8,8
1,F1 comparator,heldout_test4,2.100013125082032,1.23896740317146,4,5
1,F1 comparator,heldout_test5,1.246367091437514,0.7954623092128611,10,12
1,F1 comparator,heldout_pooled,1.3794371896266322,1.0283079027848592,22,25
1,Nominal 1%,heldout_test3,3.195728402932738,2.2889871396787815,8,8
1,Nominal 1%,heldout_test4,3.530647066544166,2.351192910741367,4,5
1,Nominal 1%,heldout_test5,3.9291303375810416,3.055527751607498,11,12
1,Nominal 1%,heldout_pooled,3.607556688299745,3.012608735428161,23,25
1,Nominal 5%,heldout_test3,11.06152374880459,9.300573519982375,8,8
1,Nominal 5%,heldout_test4,9.279432996456228,7.259687275845472,4,5
1,Nominal 5%,heldout_test5,13.27408897831433,11.645884657401906,11,12
1,Nominal 5%,heldout_pooled,11.744922357392468,10.670346554503196,23,25
1,Nominal 10%,heldout_test3,19.64456487089576,17.348690274752368,8,8
1,Nominal 10%,heldout_test4,15.750098438115238,13.121906535064449,5,5
1,Nominal 10%,heldout_test5,22.082494969818914,20.05024250237631,11,12
1,Nominal 10%,heldout_pooled,20.011035497517014,18.655176243952905,24,25
2,F1 comparator,heldout_test3,1.3946445648708958,0.8409779205531459,8,8
2,F1 comparator,heldout_test4,2.1918886993043705,1.3076172549500458,4,5
2,F1 comparator,heldout_test5,1.6487815783590432,1.1156473900046833,11,12
2,F1 comparator,heldout_pooled,1.6737171234136472,1.282141371861182,23,25
2,Nominal 1%,heldout_test3,3.873127191584316,2.862171806125908,8,8
2,Nominal 1%,heldout_test4,3.7143982149888433,2.4992883714089533,4,5
2,Nominal 1%,heldout_test5,5.063715627095909,4.0617315595993215,11,12
2,Nominal 1%,heldout_pooled,4.40106150976116,3.740607475921589,23,25
2,Nominal 5%,heldout_test3,11.587503984698756,9.786021873405042,8,8
2,Nominal 5%,heldout_test4,9.38443365271033,7.352797551966303,5,5
2,Nominal 5%,heldout_test5,14.883746926000446,13.167416441350333,11,12
2,Nominal 5%,heldout_pooled,12.696077143382642,11.582254013389523,24,25
2,Nominal 10%,heldout_test3,20.505259802358943,18.16749716455024,8,8
2,Nominal 10%,heldout_test4,15.710723192019952,13.08561970765465,5,5
2,Nominal 10%,heldout_test5,23.284149340487367,21.209192295994075,12,12
2,Nominal 10%,heldout_pooled,20.851835308337055,19.47354170152786,25,25
3,F1 comparator,heldout_test3,1.2990117947083202,0.7692807294645236,6,8
3,F1 comparator,heldout_test4,2.0737629610185064,1.2194438823514004,4,5
3,F1 comparator,heldout_test5,1.727028839704896,1.1791155638187019,11,12
3,F1 comparator,heldout_pooled,1.6553246275519586,1.2661647306669517,21,25
3,Nominal 1%,heldout_test3,3.9289129741791524,2.9098263108875777,8,8
3,Nominal 1%,heldout_test4,3.8587741173382333,2.6162929869314664,4,5
3,Nominal 1%,heldout_test5,5.527610105074894,4.4778369096888415,11,12
3,Nominal 1%,heldout_pooled,4.666438950051236,3.985570122738804,23,25
3,Nominal 5%,heldout_test3,11.770800127510359,9.955493653675884,8,8
3,Nominal 5%,heldout_test4,10.185063656647854,8.065448117254832,5,5
3,Nominal 5%,heldout_test5,15.900961323496535,14.132741420578757,11,12
3,Nominal 5%,heldout_pooled,13.394991986126803,12.2536968913449,24,25
3,Nominal 10%,heldout_test3,20.51322919987249,18.17508673958084,8,8
3,Nominal 10%,heldout_test4,16.603228770179815,13.909597685592107,5,5
3,Nominal 10%,heldout_test5,24.156047395484016,22.05162412630513,11,12
3,Nominal 10%,heldout_pooled,21.4430226753199,20.049505330723353,24,25
4,F1 comparator,heldout_test3,1.4743385400063755,0.9013253069616243,6,8
4,F1 comparator,heldout_test4,1.5750098438115239,0.857356828144649,4,5
4,F1 comparator,heldout_test5,1.531410686340264,1.0211187882068433,10,12
4,F1 comparator,heldout_pooled,1.5213221577025144,1.1501943509875951,20,25
4,Nominal 1%,heldout_test3,3.1877590054191907,2.282310240502495,6,8
4,Nominal 1%,heldout_test4,3.045019031368946,1.9647180302083704,4,5
4,Nominal 1%,heldout_test5,4.063268499888218,3.173502506119843,11,12
4,Nominal 1%,heldout_pooled,3.5707716965763683,2.9790448622606993,21,25
4,Nominal 5%,heldout_test3,10.814472425884603,9.073017605548028,8,8
4,Nominal 5%,heldout_test4,8.793804961281008,6.830185503315509,4,5
4,Nominal 5%,heldout_test5,15.084954169461213,13.35813794697528,11,12
4,Nominal 5%,heldout_pooled,12.417562206048503,11.315001868290917,23,25
4,Nominal 10%,heldout_test3,17.883328020401656,15.678804215954367,8,8
4,Nominal 10%,heldout_test4,13.96508728179551,11.483379026779819,5,5
4,Nominal 10%,heldout_test5,22.261345852895147,20.222579127224634,11,12
4,Nominal 10%,heldout_pooled,19.157098189652906,17.825004894583174,24,25
5,F1 comparator,heldout_test3,1.322919987248964,0.7871276099004714,8,8
5,F1 comparator,heldout_test4,1.7325108281926762,0.9697134525996708,4,5
5,F1 comparator,heldout_test5,1.324614352783367,0.8567941316076843,11,12
5,F1 comparator,heldout_pooled,1.4057121837147586,1.0508033349275336,23,25
5,Nominal 1%,heldout_test3,2.7335033471469554,1.9047379987049806,8,8
5,Nominal 1%,heldout_test4,2.572516078225489,1.5967829441544819,4,5
5,Nominal 1%,heldout_test5,2.6939414263357926,1.9857978889619112,11,12
5,Nominal 1%,heldout_pooled,2.682676896397698,2.1749820271509863,23,25
5,Nominal 5%,heldout_test3,9.666879183933695,8.020131426372094,8,8
5,Nominal 5%,heldout_test4,6.050662816642604,4.4462243221230215,4,5
5,Nominal 5%,heldout_test5,10.63603845293986,9.171060243854344,11,12
5,Nominal 5%,heldout_pooled,9.398565385322788,8.431458507362732,23,25
5,Nominal 10%,heldout_test3,17.389225374561683,15.211777849983946,8,8
5,Nominal 10%,heldout_test4,11.326945793411209,9.089370315607576,5,5
5,Nominal 10%,heldout_test5,18.142186452045607,16.268786346951956,11,12
5,Nominal 10%,heldout_pooled,16.529598780840274,15.277397054802469,24,25
6,F1 comparator,heldout_test3,1.6815428753586228,1.0604905151772077,8,8
6,F1 comparator,heldout_test4,2.3493896836855233,1.426387770564981,4,5
6,F1 comparator,heldout_test5,2.062374245472837,1.4546499651880749,11,12
6,F1 comparator,heldout_pooled,1.9942720512887886,1.5625999859396076,23,25
6,Nominal 1%,heldout_test3,3.418871533312082,2.476606907488345,8,8
6,Nominal 1%,heldout_test4,3.320645754035963,2.1831451934664163,4,5
6,Nominal 1%,heldout_test5,4.415381175944557,3.4845307852433387,11,12
6,Nominal 1%,heldout_pooled,3.867679129772196,3.2504502894374823,23,25
6,Nominal 5%,heldout_test3,10.551482307937519,8.831115522367504,8,8
6,Nominal 5%,heldout_test4,8.058800367502297,6.1839182107292,4,5
6,Nominal 5%,heldout_test5,13.805052537446905,12.146914197029645,11,12
6,Nominal 5%,heldout_pooled,11.582017394046087,10.514392579587174,23,25
6,Nominal 10%,heldout_test3,18.991074274784825,16.728184661516302,8,8
6,Nominal 10%,heldout_test4,13.308833180207378,10.884540565649827,5,5
6,Nominal 10%,heldout_test5,22.278113123183545,20.238738567954112,11,12
6,Nominal 10%,heldout_pooled,19.398828135263667,18.059904141510255,24,25
7,F1 comparator,heldout_test3,1.5938795027095953,0.9927762514604189,8,8
7,F1 comparator,heldout_test4,2.0606378789867437,1.209697676100324,4,5
7,F1 comparator,heldout_test5,1.7940979208584844,1.233782280882351,11,12
7,F1 comparator,heldout_pooled,1.7814445991749652,1.3759845333494671,23,25
7,Nominal 1%,heldout_test3,3.34714695569015,2.4161633441760415,8,8
7,Nominal 1%,heldout_test4,2.96626853917837,1.902792902730107,4,5
7,Nominal 1%,heldout_test5,3.5378940308517772,2.713226005560168,11,12
7,Nominal 1%,heldout_pooled,3.360571743871358,2.7876086065007066,23,25
7,Nominal 5%,heldout_test3,9.037296780363405,7.445673435230482,8,8
7,Nominal 5%,heldout_test4,5.604410027562672,4.066895529477083,4,5
7,Nominal 5%,heldout_test5,9.702660406885759,8.302156608852885,11,12
7,Nominal 5%,heldout_pooled,8.662865550855251,7.733148094936369,23,25
7,Nominal 10%,heldout_test3,17.779725852725534,15.580824642028675,8,8
7,Nominal 10%,heldout_test4,10.65756660979131,8.488124522858813,5,5
7,Nominal 10%,heldout_test5,18.31544824502571,16.434399878723095,11,12
7,Nominal 10%,heldout_pooled,16.60579626369584,15.351122992632774,24,25
8,F1 comparator,heldout_test3,1.2910423971947722,0.7633436566049527,6,8
8,F1 comparator,heldout_test4,1.8900118125738286,1.083986471864257,4,5
8,F1 comparator,heldout_test5,1.2575452716297788,0.804192775803707,11,12
8,F1 comparator,heldout_pooled,1.395202186079508,1.041800830262618,21,25
8,Nominal 1%,heldout_test3,2.7574115396875998,1.924452074762189,7,8
8,Nominal 1%,heldout_test4,2.7825173907336924,1.7592061202271094,4,5
8,Nominal 1%,heldout_test5,2.7107086966241893,2.000075718107742,11,12
8,Nominal 1%,heldout_pooled,2.7404818833915763,2.2268996549702402,22,25
8,Nominal 5%,heldout_test3,10.07331845712464,8.392215012486659,8,8
8,Nominal 5%,heldout_test4,6.680666754167214,4.986372725026894,4,5
8,Nominal 5%,heldout_test5,9.294656829868098,7.923631450623195,11,12
8,Nominal 5%,heldout_pooled,9.028087968680207,8.079560557040594,23,25
8,Nominal 10%,heldout_test3,18.162256933375836,15.942737196732265,8,8
8,Nominal 10%,heldout_test4,11.825698910618192,9.539111304392277,5,5
8,Nominal 10%,heldout_test5,17.041135703107535,15.217916404718618,11,12
8,Nominal 10%,heldout_pooled,16.36669381749389,15.119809111806006,24,25
9,F1 comparator,heldout_test3,1.3069811922218681,0.7752237793757288,7,8
9,F1 comparator,heldout_test4,2.086888043050269,1.2292004877995877,4,5
9,F1 comparator,heldout_test5,1.6543706684551753,1.1201693366841892,11,12
9,F1 comparator,heldout_pooled,1.6264221340550198,1.2410865191793008,22,25
9,Nominal 1%,heldout_test3,2.51832961428116,1.7281954507211021,8,8
9,Nominal 1%,heldout_test4,2.8087675547972175,1.7796379778591689,4,5
9,Nominal 1%,heldout_test5,3.0684104627766597,2.3064774961148378,11,12
9,Nominal 1%,heldout_pooled,2.835071862108831,2.311996599051982,23,25
9,Nominal 5%,heldout_test3,10.360216767612368,8.655409917448736,8,8
9,Nominal 5%,heldout_test4,6.9562934768342295,5.224231851015151,4,5
9,Nominal 5%,heldout_test5,11.362620165437066,9.850064011010321,11,12
9,Nominal 5%,heldout_pooled,10.150030216243202,9.146680957409526,23,25
9,Nominal 10%,heldout_test3,17.7239400701307,15.528078341223303,8,8
9,Nominal 10%,heldout_test4,11.943824648904055,9.64583788531637,5,5
9,Nominal 10%,heldout_test5,19.561815336463223,17.62763458241892,11,12
9,Nominal 10%,heldout_pooled,17.430831078063008,16.15001168788873,24,25
10,F1 comparator,heldout_test3,1.3149505897354161,0.7811727560480854,7,8
10,F1 comparator,heldout_test4,1.5093844336527102,0.8111677874488814,4,5
10,F1 comparator,heldout_test5,1.391683433936955,0.9097511364395843,11,12
10,F1 comparator,heldout_pooled,1.3899471872618827,1.0373017359428969,22,25
10,Nominal 1%,heldout_test3,3.004462862607587,2.1292230855453975,7,8
10,Nominal 1%,heldout_test4,2.4412652579078618,1.4962614435936905,4,5
10,Nominal 1%,heldout_test5,3.2416722557567628,2.4560276796549303,11,12
10,Nominal 1%,heldout_pooled,3.0032318242728397,2.463688826945771,22,25
10,Nominal 5%,heldout_test3,10.599298693018808,8.875071550305018,8,8
10,Nominal 5%,heldout_test4,6.405040031500196,4.7494301631216445,4,5
10,Nominal 5%,heldout_test5,12.458081824279008,10.877669299772668,11,12
10,Nominal 5%,heldout_pooled,10.633490107464725,9.607774620920997,23,25
10,Nominal 10%,heldout_test3,18.86356391456806,16.607233081443436,8,8
10,Nominal 10%,heldout_test4,11.300695629347683,9.06574020903778,4,5
10,Nominal 10%,heldout_test5,20.14866979655712,18.190573097186988,11,12
10,Nominal 10%,heldout_pooled,17.95370346041672,16.656877633624216,23,25
11,F1 comparator,heldout_test3,1.2272872170863882,0.7160685282248171,7,8
11,F1 comparator,heldout_test4,1.9818873867961675,1.151443991009481,4,5
11,F1 comparator,heldout_test5,1.246367091437514,0.7954623092128611,11,12
11,F1 comparator,heldout_pooled,1.3873196878530702,1.0350527317266622,22,25
11,Nominal 1%,heldout_test3,3.299330570608862,2.3759387888987407,8,8
11,Nominal 1%,heldout_test4,3.1893949337183356,2.0788152209455095,4,5
11,Nominal 1%,heldout_test5,3.3310976972948803,2.5334784744343817,11,12
11,Nominal 1%,heldout_pooled,3.292256759242229,2.725528612549126,23,25
11,Nominal 5%,heldout_test3,9.666879183933695,8.020131426372094,8,8
11,Nominal 5%,heldout_test4,6.851292820580128,5.133513997804096,4,5
11,Nominal 5%,heldout_test5,11.127878381399508,9.630457868860079,11,12
11,Nominal 5%,heldout_pooled,9.790062797235871,8.803841558062638,23,25
11,Nominal 10%,heldout_test3,18.170226330889385,15.950281152566356,8,8
11,Nominal 10%,heldout_test4,12.088200551253445,9.77638720904261,5,5
11,Nominal 10%,heldout_test5,19.349429912810194,17.42407473932908,11,12
11,Nominal 10%,heldout_pooled,17.507028560918574,16.223849898799255,24,25
12,F1 comparator,heldout_test3,1.617787695250239,1.0111914812686171,7,8
12,F1 comparator,heldout_test4,2.8875180469877937,1.8410966624279872,4,5
12,F1 comparator,heldout_test5,2.2803487592219986,1.6363752746334566,11,12
12,F1 comparator,heldout_pooled,2.183452008723298,1.7296741369667883,22,25
12,Nominal 1%,heldout_test3,3.211667197959834,2.302346011777366,8,8
12,Nominal 1%,heldout_test4,3.8718991993699965,2.6269567043365813,4,5
12,Nominal 1%,heldout_test5,4.11357031075341,3.2178184088360693,11,12
12,Nominal 1%,heldout_pooled,3.7678341522373158,3.159057177962907,23,25
12,Nominal 5%,heldout_test3,11.204972904048454,9.432839002335736,8,8
12,Nominal 5%,heldout_test4,11.786323664522904,9.503553265577931,5,5
12,Nominal 5%,heldout_test5,14.995528727923094,13.27335899346207,11,12
12,Nominal 5%,heldout_pooled,13.103339551748599,11.973373828964263,24,25
12,Nominal 10%,heldout_test3,20.00318775900542,17.68964899602195,8,8
12,Nominal 10%,heldout_test4,19.123244520278252,16.251543791644668,5,5
12,Nominal 10%,heldout_test5,23.73686563827409,21.646453237251627,12,12
12,Nominal 10%,heldout_pooled,21.582280143986967,20.185241100550925,25,25
13,F1 comparator,heldout_test3,1.0360216767612367,0.5768575282394065,8,8
13,F1 comparator,heldout_test4,1.5750098438115239,0.857356828144649,4,5
13,F1 comparator,heldout_test5,1.2351889112452492,0.7867425991978434,11,12
13,F1 comparator,heldout_pooled,1.2375522215507502,0.9074929041432414,23,25
13,Nominal 1%,heldout_test3,3.905004781638508,2.8893952814763937,8,8
13,Nominal 1%,heldout_test4,3.2418952618453867,2.1204799886457657,4,5
13,Nominal 1%,heldout_test5,4.175050301810866,3.2720365494236563,11,12
13,Nominal 1%,heldout_pooled,3.8992091226779477,3.279336317820573,23,25
13,Nominal 5%,heldout_test3,10.926043991074275,9.175747623211485,8,8
13,Nominal 5%,heldout_test4,7.297545609660061,5.519921131494141,4,5
13,Nominal 5%,heldout_test5,12.65928906773977,11.066883476483227,11,12
13,Nominal 5%,heldout_pooled,11.014477521742558,9.971625576259534,23,25
13,Nominal 10%,heldout_test3,18.640420784188716,16.395666161327835,8,8
13,Nominal 10%,heldout_test4,11.838823992649953,9.55096593447466,5,5
13,Nominal 10%,heldout_test5,19.684775318578136,17.74552674938613,11,12
13,Nominal 10%,heldout_pooled,17.769778501799838,16.478534503741567,24,25
14,F1 comparator,heldout_test3,1.3149505897354161,0.7811727560480854,6,8
14,F1 comparator,heldout_test4,1.9687623047644047,1.1417731933160666,4,5
14,F1 comparator,heldout_test5,1.5593561368209254,1.0435486171225428,11,12
14,F1 comparator,heldout_pooled,1.560734648834704,1.1842219184355234,21,25
14,Nominal 1%,heldout_test3,4.152056104558496,3.101052854237602,8,8
14,Nominal 1%,heldout_test4,4.068775429846436,2.787428950534009,4,5
14,Nominal 1%,heldout_test5,4.806617482673821,3.8321937498409446,11,12
14,Nominal 1%,heldout_pooled,4.443101500302162,3.7793681053939947,23,25
14,Nominal 5%,heldout_test3,13.157475294867707,11.242250663304063,8,8
14,Nominal 5%,heldout_test4,9.751935949599686,7.679339085196404,4,5
14,Nominal 5%,heldout_test5,14.039794321484461,12.368700141688361,11,12
14,Nominal 5%,heldout_pooled,12.890512099634776,11.768934554665126,23,25
14,Nominal 10%,heldout_test3,21.17468919349697,18.80552106802741,8,8
14,Nominal 10%,heldout_test4,14.371964824780155,11.855658435247026,4,5
14,Nominal 10%,heldout_test5,21.300022356360383,19.29694138442535,11,12
14,Nominal 10%,heldout_pooled,19.871778028849942,18.51972574354423,23,25
15,F1 comparator,heldout_test3,1.6257570927637872,1.017338746235365,7,8
15,F1 comparator,heldout_test4,1.837511484446778,1.045696611032525,4,5
15,F1 comparator,heldout_test5,1.4308070646098816,0.9407973178706712,11,12
15,F1 comparator,heldout_pooled,1.57649964528758,1.197852389137249,22,25
15,Nominal 1%,heldout_test3,3.5702900860694933,2.6046152320082916,8,8
15,Nominal 1%,heldout_test4,2.9268932930830815,1.8719156428221626,4,5
15,Nominal 1%,heldout_test5,2.9678068410462775,2.219968449036213,11,12
15,Nominal 1%,heldout_pooled,3.1582542893927847,2.6039630419422783,23,25
15,Nominal 5%,heldout_test3,10.296461587503984,8.596884055696725,8,8
15,Nominal 5%,heldout_test4,6.982543640897755,5.246931080313813,5,5
15,Nominal 5%,heldout_test5,10.479543930248155,9.02510283977458,11,12
15,Nominal 5%,heldout_pooled,9.71912031319793,8.736324438665738,24,25
15,Nominal 10%,heldout_test3,17.851450430347466,15.648653595237441,8,8
15,Nominal 10%,heldout_test4,12.127575797348733,9.812011538650228,5,5
15,Nominal 10%,heldout_test5,17.940979208584842,16.076543998676325,11,12
15,Nominal 10%,heldout_pooled,16.747681231771722,15.48843177019965,24,25
16,F1 comparator,heldout_test3,1.7134204654128147,1.085241162816643,8,8
16,F1 comparator,heldout_test4,1.7850111563197268,1.0076029800386512,4,5
16,F1 comparator,heldout_test5,1.581712497205455,1.0615278160866368,11,12
16,F1 comparator,heldout_pooled,1.6658346251872094,1.2752925660483114,23,25
16,Nominal 1%,heldout_test3,4.136117309531399,3.087362501499851,8,8
16,Nominal 1%,heldout_test4,2.8612678829242686,1.82058359495385,4,5
16,Nominal 1%,heldout_test5,3.6999776436396155,2.854698262428231,11,12
16,Nominal 1%,heldout_pooled,3.675871672928874,3.0749889976074654,23,25
16,Nominal 5%,heldout_test3,11.507810009563277,9.71238610505892,8,8
16,Nominal 5%,heldout_test4,7.048169051056568,5.303713304258358,4,5
16,Nominal 5%,heldout_test5,12.374245472837023,10.79887162186621,11,12
16,Nominal 5%,heldout_pooled,11.022360019968994,9.97915791853182,23,25
16,Nominal 10%,heldout_test3,19.397513547975773,17.11398647835595,8,8
16,Nominal 10%,heldout_test4,11.746948418427614,9.468004033143648,5,5
16,Nominal 10%,heldout_test5,20.36105522021015,18.39447029242512,11,12
16,Nominal 10%,heldout_pooled,18.318925878241675,17.01116940846289,24,25
17,F1 comparator,heldout_test3,1.25916480714058,0.7396561671323867,7,8
17,F1 comparator,heldout_test4,2.1525134532090826,1.2781364231715413,4,5
17,F1 comparator,heldout_test5,2.3530069304717194,1.6973488222004118,11,12
17,F1 comparator,heldout_pooled,1.9522320607477863,1.5256185709185148,22,25
17,Nominal 1%,heldout_test3,2.7733503347146957,1.9376052286825374,8,8
17,Nominal 1%,heldout_test4,2.8087675547972175,1.7796379778591689,4,5
17,Nominal 1%,heldout_test5,4.409792085848424,3.4795794194633056,11,12
17,Nominal 1%,heldout_pooled,3.5497517013058673,2.959873654915092,23,25
17,Nominal 5%,heldout_test3,9.96174689193497,8.289982252539653,8,8
17,Nominal 5%,heldout_test4,8.032550203438772,6.160927274457465,4,5
17,Nominal 5%,heldout_test5,14.526045159847978,12.828636407174852,11,12
17,Nominal 5%,heldout_pooled,11.721274862713155,10.647703770241526,23,25
17,Nominal 10%,heldout_test3,17.349378386993944,15.174143471717501,8,8
17,Nominal 10%,heldout_test4,12.783829898936869,10.406974264702756,5,5
17,Nominal 10%,heldout_test5,22.015425888665323,19.985630822518324,11,12
17,Nominal 10%,heldout_pooled,18.62897080848157,17.31209217970879,24,25
18,F1 comparator,heldout_test3,1.354797577303156,0.8110048295441031,7,8
18,F1 comparator,heldout_test4,2.454390339939625,1.5062771596498514,4,5
18,F1 comparator,heldout_test5,2.224457858260675,1.5896034268094008,11,12
18,F1 comparator,heldout_pooled,1.9837620536535379,1.5533494097139928,22,25
18,Nominal 1%,heldout_test3,3.1877590054191907,2.282310240502495,8,8
18,Nominal 1%,heldout_test4,3.6225226407665048,2.425122488756436,4,5
18,Nominal 1%,heldout_test5,4.817795662866085,3.8421566456611718,11,12
18,Nominal 1%,heldout_pooled,4.0410940907538295,3.40946733626633,23,25
18,Nominal 5%,heldout_test3,10.176920624800765,8.487206492194607,8,8
18,Nominal 5%,heldout_test4,8.938180863630398,6.957676305811177,4,5
18,Nominal 5%,heldout_test5,15.05700871898055,13.331642156505374,11,12
18,Nominal 5%,heldout_pooled,12.223127249796368,11.128540391354974,23,25
18,Nominal 10%,heldout_test3,18.728084156837742,16.4787667298709,8,8
18,Nominal 10%,heldout_test4,14.93634335214595,12.373253880425212,5,5
18,Nominal 10%,heldout_test5,23.272971160295103,21.198400035953952,11,12
18,Nominal 10%,heldout_pooled,20.105625476234266,18.74719535509417,24,25
19,F1 comparator,heldout_test3,1.0599298693018808,0.5940239945697706,7,8
19,F1 comparator,heldout_test4,2.0606378789867437,1.209697676100324,4,5
19,F1 comparator,heldout_test5,1.358148893360161,0.8832297421907757,11,12
19,F1 comparator,heldout_pooled,1.4004571848971334,1.0463013658637645,22,25
19,Nominal 1%,heldout_test3,2.8450749123366275,1.9968958154485492,8,8
19,Nominal 1%,heldout_test4,3.0975193594959967,2.0061245676566712,4,5
19,Nominal 1%,heldout_test5,3.040465012295998,2.2824223904631795,11,12
19,Nominal 1%,heldout_pooled,2.9874668278199636,2.4494463508417845,23,25
19,Nominal 5%,heldout_test3,10.599298693018808,8.875071550305018,8,8
19,Nominal 5%,heldout_test4,8.190051187819925,6.29896908283441,4,5
19,Nominal 5%,heldout_test5,11.41851106639839,9.902383346551476,11,12
19,Nominal 5%,heldout_pooled,10.502115137024095,9.482407269788911,23,25
19,Nominal 10%,heldout_test3,18.879502709595155,16.622349804652874,8,8
19,Nominal 10%,heldout_test4,14.056962856017849,11.56737672423931,5,5
19,Nominal 10%,heldout_test5,19.763022579923987,17.820564845010033,12,12
19,Nominal 10%,heldout_pooled,18.32943587587693,17.02136783700289,25,25
20,F1 comparator,heldout_test3,1.6257570927637872,1.017338746235365,7,8
20,F1 comparator,heldout_test4,2.2837642735267094,1.3767396929710698,4,5
20,F1 comparator,heldout_test5,1.659959758551308,1.124693085380282,11,12
20,F1 comparator,heldout_pooled,1.7735621009485274,1.3691030729008893,22,25
20,Nominal 1%,heldout_test3,4.797577303155882,3.6591956329778803,8,8
20,Nominal 1%,heldout_test4,4.633153957212233,3.2523756184734673,4,5
20,Nominal 1%,heldout_test5,5.460541023921306,4.417531621085382,11,12
20,Nominal 1%,heldout_pooled,5.076328857826007,4.365182197140481,23,25
20,Nominal 5%,heldout_test3,12.727127829136117,10.842064516598219,8,8
20,Nominal 5%,heldout_test4,10.145688410552566,8.030292993339163,4,5
20,Nominal 5%,heldout_test5,14.481332439078917,12.786314569006855,12,12
20,Nominal 5%,heldout_pooled,13.035024567119471,11.907740109014899,24,25
20,Nominal 10%,heldout_test3,20.074912336627353,17.757877168900936,8,8
20,Nominal 10%,heldout_test4,15.487596797479986,12.880111165333405,5,5
20,Nominal 10%,heldout_test5,22.060138609434386,20.028704390801796,12,12
20,Nominal 10%,heldout_pooled,20.08986047978139,18.731857997435217,25,25
