partition,first,last,rows,hours,windows,first_window_end,last_window_end,attack_seconds,attack_episodes,timestamps_shared_with_train1,identical_rows_shared_with_train1
training,2020-07-11T00:00:00,2020-07-12T23:59:59,172800,48.0,34549,2020-07-11T00:00:59,2020-07-12T23:59:59,0,0,,
calibration,2020-07-13T00:00:00,2020-07-13T12:00:00,43201,12.000277777777777,8629,2020-07-13T00:00:59,2020-07-13T11:59:59,0,0,,
test3_overlap_excluded,2020-07-13T00:00:00,2020-07-13T12:00:00,43201,12.000277777777777,8629,2020-07-13T00:00:59,2020-07-13T11:59:59,0,0,43201.0,43201.0
heldout_test3,2020-07-13T12:00:01,2020-07-14T06:00:00,64800,18.0,12949,2020-07-13T12:01:00,2020-07-14T06:00:00,1535,8,0.0,0.0
f1sel_test1,2020-07-07T15:00:00,2020-07-08T03:00:00,43201,12.000277777777777,8629,2020-07-07T15:00:59,2020-07-08T02:59:59,629,5,0.0,0.0
f1sel_test2,2020-07-09T15:00:00,2020-07-10T23:59:59,118800,33.0,23749,2020-07-09T15:00:59,2020-07-10T23:59:59,3449,20,0.0,0.0
heldout_test4,2020-07-28T12:00:00,2020-07-28T23:00:00,39601,11.000277777777777,7909,2020-07-28T12:00:59,2020-07-28T22:59:59,1157,5,0.0,0.0
heldout_test5,2020-07-30T10:50:00,2020-07-31T12:30:00,92401,25.666944444444443,18469,2020-07-30T10:50:59,2020-07-31T12:29:59,2177,12,0.0,0.0
test3_full_uncorrected,2020-07-13T00:00:00,2020-07-14T06:00:00,108001,30.00027777777778,21589,2020-07-13T00:00:59,2020-07-14T05:59:59,1535,8,43201.0,43201.0
