seed,form,tgt_rate_1,tgt_rate_5,tgt_rate_10,distinguishable_1,distinguishable_5,distinguishable_10,detected_F1_comparator,detected_Nominal_1,detected_Nominal_5,detected_Nominal_10
1,training,0.01649201168184161,0.10857241023879059,0.16835595258546643,False,True,True,9.0,3.0,8.0,11.0
1,segment,0.004981961862222986,0.03212506442192063,0.12094141900017179,False,False,False,,,,
2,training,0.013056175914791274,0.10187253049304243,0.15718948634255284,False,True,True,8.0,3.0,8.0,9.0
2,segment,0.0018897096718776842,0.01752276241195671,0.0994674454561072,False,False,False,,,,
3,training,0.014602302009963923,0.10616732520185534,0.16904311973887648,False,True,True,9.0,3.0,7.0,10.0
3,segment,0.004810170073870469,0.029548187596632882,0.11286720494760351,False,False,False,,,,
4,training,0.016663803470194125,0.10977495275725821,0.16285861535818588,False,True,True,6.0,3.0,6.0,10.0
4,segment,0.0030922521903453013,0.0307507301151005,0.10840061845043807,False,False,False,,,,
5,training,0.01374334306820134,0.10633911699020787,0.16887132795052395,False,True,True,9.0,3.0,8.0,10.0
5,segment,0.0025768768252877514,0.023020099639237245,0.11063391169902079,False,False,False,,,,
6,training,0.014602302009963923,0.08486514344614328,0.1611406974746607,False,True,True,9.0,3.0,6.0,10.0
6,segment,0.0029204604019927847,0.021645765332417112,0.11475691461948119,False,False,False,,,,
7,training,0.012540800549733723,0.07679092939357499,0.16440474145335854,False,True,True,7.0,3.0,7.0,10.0
7,segment,0.0018897096718776842,0.027658477924755197,0.10960316096890568,False,False,False,,,,
8,training,0.016148428105136576,0.10376224016492011,0.16406115787665349,False,True,True,9.0,3.0,6.0,11.0
8,segment,0.0032640439786978184,0.02267651606253221,0.107713451297028,False,False,False,,,,
9,training,0.016148428105136576,0.06940388249441677,0.16869953616217145,False,True,True,9.0,3.0,6.0,10.0
9,segment,0.0030922521903453013,0.026112351829582547,0.1149287064078337,False,False,False,,,,
10,training,0.01649201168184161,0.10479299089503522,0.16663803470194125,False,True,True,8.0,3.0,7.0,11.0
10,segment,0.004294794708812919,0.026799518982992612,0.11235182958254596,False,False,False,,,,
11,training,0.01580484452843154,0.11235182958254596,0.17247895550592682,False,True,True,9.0,3.0,8.0,10.0
11,segment,0.0030922521903453013,0.03676344270743859,0.11510049819618622,False,False,False,,,,
12,training,0.014945885586668957,0.10393403195327264,0.1578766534959629,False,True,True,8.0,3.0,6.0,9.0
12,segment,0.002061501460230201,0.02044322281394949,0.10908778560384813,False,False,False,,,,
13,training,0.015117677375021473,0.10943136918055317,0.15942277959113554,False,True,True,7.0,3.0,7.0,10.0
13,segment,0.00790242226421577,0.0317814808452156,0.12128500257687683,False,False,False,,,,
14,training,0.018897096718776842,0.10719807593197045,0.1793506270400275,True,True,True,8.0,4.0,7.0,11.0
14,segment,0.00790242226421577,0.03676344270743859,0.12231575330699193,False,False,False,,,,
15,training,0.013915134856553856,0.10582374162515032,0.17849166809826492,False,True,True,9.0,3.0,6.0,11.0
15,segment,0.0022332932485827177,0.02903281223157533,0.11956708469335166,False,False,False,,,,
16,training,0.017694554200309225,0.10118536333963236,0.16474832503006356,False,True,True,9.0,3.0,7.0,9.0
16,segment,0.0037794193437553684,0.02748668613640268,0.11733379144476894,False,False,False,,,,
17,training,0.015976636316784056,0.11218003779419344,0.17574299948462463,False,True,True,9.0,3.0,7.0,11.0
17,segment,0.004123002920460402,0.02748668613640268,0.11784916680982649,False,False,False,,,,
18,training,0.014945885586668957,0.10925957739220066,0.16337399072324343,False,True,True,8.0,3.0,8.0,10.0
18,segment,0.0018897096718776842,0.02009963923724446,0.1035904483765676,False,False,False,,,,
19,training,0.01374334306820134,0.10599553341350283,0.16406115787665349,False,True,True,7.0,3.0,7.0,10.0
19,segment,0.0024050850369352343,0.029204604019927846,0.11819275038653153,False,False,False,,,,
20,training,0.016663803470194125,0.1035904483765676,0.17557120769627213,False,True,True,9.0,3.0,6.0,11.0
20,segment,0.0022332932485827177,0.018209929565366774,0.1108057034873733,False,False,False,,,,
