dataset,attack,start,end
train2,1,2016-09-13T23,2016-09-16T00
train2,2,2016-09-26T11,2016-09-27T10
train2,3,2016-10-09T09,2016-10-11T20
train2,4,2016-10-29T19,2016-11-02T16
train2,5,2016-11-26T17,2016-11-29T04
train2,6,2016-12-06T07,2016-12-10T04
train2,7,2016-12-14T15,2016-12-19T04
test,1,2017-01-16T09,2017-01-19T06
test,2,2017-01-30T08,2017-02-02T00
test,3,2017-02-09T03,2017-02-10T09
test,4,2017-02-12T01,2017-02-13T07
test,5,2017-02-24T05,2017-02-28T08
test,6,2017-03-10T14,2017-03-13T21
test,7,2017-03-25T20,2017-03-27T01
